_id,vin,datetime,datetimesending,heading,geolocation,calculated,odometer,externaltemperature,fuel,electricity,adas,engine,tirepressure,lights,seatbelt,alerts,speed,moving,status,acceleration,accelerationlat,crash,transmissiongear,doors,previous_state,previous,maintenance,partition_0
67f54c8bb9be3a000714cb61,1C4SJVFP1RS158761,2025-04-13T00:11:02.133Z,2025-04-13T00:11:02.133Z,187.0,"{latitude=36.081092, longitude=-86.420669, altitude={value=163.5, unit=m}}",,"{value=2437.0, unit=km}",,"{residualautonomy={value=428, unit=km}, level={value=74, unit=L, percentage=74.0}, instantconsumption=null, averageconsumption={value=5.6, unit=L/100 km}}",,,"{oil={temperature={value=82, unit=°C}, pressure={value=0.04, unit=bar}, lifeleft={percentage=79}}, battery={voltage={value=12.45, unit=V}, charging=false, capacity=null}, runtime=null, coolant={temperature={value=87, unit=°C}}, contact=false, ignition=false, speed=null, status=off}","{front={left={value=39.0, unit=psi}, right={value=38.0, unit=psi}}, rear={left={value=40.0, unit=psi}, right={value=38.0, unit=psi}}}",,,,"{value=0.0, unit=km/h}",False,halted,,,,,,,,,2025-04-13
67f54f833d374400077e6487,3C6UR4HJ1RG285240,2025-04-11T23:59:48.796Z,2025-04-11T23:59:48.796Z,0.0,"{latitude=35.80761, longitude=-86.397812, altitude={value=190.699997, unit=m}}",,,,"{residualautonomy=null, level=null, instantconsumption={value=98.37272, unit=L/100 km}, averageconsumption=null}",,,"{oil=null, battery=null, runtime=null, coolant=null, contact=true, ignition=true, speed=null, status=running}",,,,,"{value=0.0, unit=km/h}",False,halted,"{value=-0.22, unit=m/s²}","{value=-0.14, unit=m/s²}",,,,,,,2025-04-11
67f549d64035d600076aa0b0,1C6SRFLP7SN639810,2025-04-11T19:40:32.430Z,2025-04-11T19:40:32.430Z,78.0,"{latitude=34.306401, longitude=-88.769182, altitude={value=94.599998, unit=m}}",,,,,,,"{oil=null, battery=null, runtime=null, coolant=null, contact=true, ignition=true, speed=null, status=running}",,,,,"{value=30.1, unit=km/h}",True,driving,"{value=0.76, unit=m/s²}","{value=3.72, unit=m/s²}",,,,,,,2025-04-11
67f54c8bb9be3a000714cb61,1C4SJVFP1RS158761,2025-04-11T21:41:01.468Z,2025-04-11T21:41:01.468Z,45.0,"{latitude=35.823164, longitude=-86.394393, altitude={value=182.0, unit=m}}",,,,,,,"{oil=null, battery=null, runtime=null, coolant=null, contact=true, ignition=true, speed=null, status=running}",,,,,"{value=0.9, unit=km/h}",True,driving,"{value=0.4, unit=m/s²}","{value=0.24, unit=m/s²}",,,,,,,2025-04-11
67f53773ac229c00073f01fb,1C4RJHEG4S8686332,2025-04-12T15:11:51.823Z,2025-04-12T15:11:51.823Z,0.0,"{latitude=35.82271, longitude=-86.39438, altitude={value=180.399994, unit=m}}",,"{value=15.0, unit=km}",,"{residualautonomy=null, level={value=21.75, unit=L, percentage=25.0}, instantconsumption=null, averageconsumption=null}",,,"{oil=null, battery={voltage={value=11.8, unit=V}, charging=false, capacity=null}, runtime=null, coolant={temperature={value=-40, unit=°C}}, contact=false, ignition=false, speed=null, status=off}",,,,,"{value=0.0, unit=km/h}",False,halted,,,,,,,,,2025-04-12
67f5427548dbd5000707072d,1C4RJHAG7SC288583,2025-04-10T18:34:32.378Z,2025-04-10T18:34:32.378Z,134.0,"{latitude=35.775984, longitude=-86.325695, altitude={value=204.5, unit=m}}",,,,,,,"{oil=null, battery=null, runtime=null, coolant=null, contact=true, ignition=true, speed=null, status=running}",,,,,"{value=0.0, unit=km/h}",False,halted,"{value=-0.04, unit=m/s²}","{value=-0.06, unit=m/s²}",,,,,,,2025-04-10
67f54ed978c13600073938f8,2C3CDBCK3SR550476,2025-04-08T16:48:01.275Z,2025-04-08T16:48:01.275Z,,"{latitude=null, longitude=null, altitude={value=0.0, unit=m}}",,,,,,,"{oil=null, battery=null, runtime=null, coolant=null, contact=true, ignition=true, speed=null, status=running}",,,,,"{value=0.0, unit=km/h}",False,halted,"{value=0.02, unit=m/s²}","{value=-0.1, unit=m/s²}",{autoecall=false},,,,,,2025-04-08
67f54c8bb9be3a000714cb61,1C4SJVFP1RS158761,2025-04-09T21:17:25.427Z,2025-04-09T21:17:25.427Z,0.0,"{latitude=35.822512, longitude=-86.393984, altitude={value=183.5, unit=m}}",,,,,,,"{oil=null, battery=null, runtime=null, coolant=null, contact=true, ignition=true, speed=null, status=running}",,,,,"{value=0.0, unit=km/h}",False,halted,"{value=0.04, unit=m/s²}","{value=-0.24, unit=m/s²}",,,,,,,2025-04-09
67f54e084035d600076af97a,1C4SJSBP1RS158800,2025-04-12T04:13:18.640Z,2025-04-12T04:13:18.640Z,159.0,"{latitude=35.607532, longitude=-88.120089, altitude={value=118.400002, unit=m}}",,,,,,,"{oil=null, battery=null, runtime=null, coolant=null, contact=true, ignition=true, speed=null, status=running}",,,,,"{value=91.8, unit=km/h}",True,driving,"{value=0.24, unit=m/s²}","{value=0.0, unit=m/s²}",,,,,,,2025-04-12
67f54237c999b80007ec196c,1C4RJKAGXS8652768,2025-04-09T15:51:53.471Z,2025-04-09T15:51:53.471Z,277.0,"{latitude=35.822945, longitude=-86.394585, altitude={value=178.199997, unit=m}}",,"{value=63.0, unit=km}",,"{residualautonomy=null, level={value=6.96, unit=L, percentage=8.0}, instantconsumption=null, averageconsumption=null}",,,"{oil={temperature={value=7, unit=°C}, pressure={value=4.56, unit=bar}, lifeleft={percentage=99}}, battery={voltage={value=11.525, unit=V}, charging=false, capacity=null}, runtime=null, coolant={temperature={value=11, unit=°C}}, contact=false, ignition=false, speed=null, status=off}","{front={left={value=41.0, unit=psi}, right={value=39.0, unit=psi}}, rear={left={value=41.0, unit=psi}, right={value=40.0, unit=psi}}}",,,,"{value=0.0, unit=km/h}",False,halted,,,,,,,,,2025-04-09
67f540fa3c60230007fbeee9,2C3CDBCK0RR206873,2025-04-08T16:12:51.435Z,2025-04-08T16:12:51.435Z,,"{latitude=null, longitude=null, altitude={value=0.0, unit=m}}",,,,,,,"{oil=null, battery=null, runtime=null, coolant=null, contact=true, ignition=true, speed=null, status=running}",,,,,"{value=0.0, unit=km/h}",False,halted,"{value=0.02, unit=m/s²}","{value=-0.22, unit=m/s²}",,,,,,,2025-04-08
67f54f833d374400077e6487,3C6UR4HJ1RG285240,2025-04-12T19:16:55.060Z,2025-04-12T19:16:55.060Z,86.0,"{latitude=35.845058, longitude=-86.446365, altitude={value=182.199997, unit=m}}",,,,"{residualautonomy=null, level=null, instantconsumption={value=123.29092, unit=L/100 km}, averageconsumption=null}",,,"{oil=null, battery=null, runtime=null, coolant=null, contact=true, ignition=true, speed=null, status=running}",,,,,"{value=52.4, unit=km/h}",True,driving,"{value=-0.3, unit=m/s²}","{value=0.1, unit=m/s²}",,,,,,,2025-04-12
67f53d83d0682900076d2404,1C6SRFFP6SN656304,2025-04-09T19:43:41.168Z,2025-04-09T19:43:41.168Z,58.0,"{latitude=35.822443, longitude=-86.39315, altitude={value=183.300003, unit=m}}",,,,,,,"{oil=null, battery=null, runtime=null, coolant=null, contact=true, ignition=true, speed=null, status=running}",,,,,"{value=0.0, unit=km/h}",False,halted,"{value=-0.08, unit=m/s²}","{value=-0.16, unit=m/s²}",,,,,,,2025-04-09
67f54c8bb9be3a000714cb61,1C4SJVFP1RS158761,2025-04-11T16:54:37.195Z,2025-04-11T16:54:37.195Z,85.0,"{latitude=35.823055, longitude=-86.394414, altitude={value=185.300003, unit=m}}",,,,,,,"{oil=null, battery=null, runtime=null, coolant=null, contact=true, ignition=true, speed=null, status=running}",,,,,"{value=0.0, unit=km/h}",False,halted,"{value=0.16, unit=m/s²}","{value=-0.32, unit=m/s²}",,,,,,,2025-04-11
67f54e084035d600076af97a,1C4SJSBP1RS158800,2025-04-12T02:37:09.688Z,2025-04-12T02:37:09.688Z,274.0,"{latitude=35.821733, longitude=-86.850712, altitude={value=246.399994, unit=m}}",,,,,,,"{oil=null, battery=null, runtime=null, coolant=null, contact=true, ignition=true, speed=null, status=running}",,,,,"{value=117.8, unit=km/h}",True,driving,"{value=-0.96, unit=m/s²}","{value=-1.32, unit=m/s²}",,,,,,,2025-04-12
67f54c8bb9be3a000714cb61,1C4SJVFP1RS158761,2025-04-12T01:30:50.903Z,2025-04-12T01:30:50.903Z,216.0,"{latitude=36.08112, longitude=-86.420608, altitude={value=173.699997, unit=m}}",,,,,,,"{oil=null, battery=null, runtime=null, coolant=null, contact=true, ignition=true, speed=null, status=running}",,,,,"{value=0.0, unit=km/h}",False,halted,"{value=0.06, unit=m/s²}","{value=-0.16, unit=m/s²}",,,,,,,2025-04-12
67f54c8bb9be3a000714cb61,1C4SJVFP1RS158761,2025-04-12T22:34:22.592Z,2025-04-12T22:34:22.592Z,6.0,"{latitude=35.844577, longitude=-86.383923, altitude={value=185.5, unit=m}}",,,,,,,"{oil=null, battery=null, runtime=null, coolant=null, contact=true, ignition=true, speed=null, status=running}",,,,,"{value=32.5, unit=km/h}",True,driving,"{value=-1.22, unit=m/s²}","{value=0.0, unit=m/s²}",,,,,,,2025-04-12
67f54c8bb9be3a000714cb61,1C4SJVFP1RS158761,2025-04-12T03:12:37.903Z,2025-04-12T03:12:37.903Z,31.0,"{latitude=36.081342, longitude=-86.419324, altitude={value=177.899994, unit=m}}",,,,,,,"{oil=null, battery=null, runtime=null, coolant=null, contact=true, ignition=true, speed=null, status=running}",,,,,"{value=57.8, unit=km/h}",True,driving,"{value=0.36, unit=m/s²}","{value=1.18, unit=m/s²}",,,,,,,2025-04-12
67f544a878c1360007386923,1C4RJHAG2SC288586,2025-04-12T14:47:45.988Z,2025-04-12T14:47:45.988Z,287.0,"{latitude=35.828966, longitude=-86.400117, altitude={value=177.800003, unit=m}}",,,,,,,"{oil=null, battery=null, runtime=null, coolant=null, contact=true, ignition=true, speed=null, status=running}",,,,,"{value=10.0, unit=km/h}",True,driving,"{value=-2.76, unit=m/s²}","{value=-0.48, unit=m/s²}",,,,,,,2025-04-12
67f549d64035d600076aa0b0,1C6SRFLP7SN639810,2025-04-11T17:22:43.019Z,2025-04-11T17:22:43.019Z,0.0,"{latitude=34.365164, longitude=-89.569154, altitude={value=100.5, unit=m}}",,,,,,,"{oil=null, battery=null, runtime=null, coolant=null, contact=true, ignition=true, speed=null, status=running}",,,,,"{value=0.0, unit=km/h}",False,halted,"{value=0.18, unit=m/s²}","{value=-0.04, unit=m/s²}",,,,,,,2025-04-11
67f549d64035d600076aa0b0,1C6SRFLP7SN639810,2025-04-11T19:45:02.939Z,2025-04-11T19:45:02.939Z,8.0,"{latitude=34.31528, longitude=-88.737565, altitude={value=84.5, unit=m}}",,,,,,,"{oil=null, battery=null, runtime=null, coolant=null, contact=true, ignition=true, speed=null, status=running}",,,,,"{value=0.0, unit=km/h}",False,halted,"{value=-0.04, unit=m/s²}","{value=0.02, unit=m/s²}",,,,,,,2025-04-11
67f549d64035d600076aa0b0,1C6SRFLP7SN639810,2025-04-09T18:25:44.465Z,2025-04-09T18:25:44.465Z,108.0,"{latitude=35.833665, longitude=-86.375289, altitude={value=185.0, unit=m}}",,,,,,,"{oil=null, battery=null, runtime=null, coolant=null, contact=true, ignition=true, speed=null, status=running}",,,,,"{value=0.0, unit=km/h}",False,halted,"{value=0.0, unit=m/s²}","{value=0.02, unit=m/s²}",,,,,,,2025-04-09
67f69c74cfe4a10008b79be8,1C6RRFBG8SN507767,2025-04-09T17:09:57.381Z,2025-04-09T17:09:57.381Z,129.0,"{latitude=35.822334, longitude=-86.394318, altitude={value=183.5, unit=m}}",,,,,,,"{oil=null, battery=null, runtime=null, coolant=null, contact=true, ignition=true, speed=null, status=running}",,,,,"{value=0.0, unit=km/h}",False,halted,"{value=-0.02, unit=m/s²}","{value=-0.04, unit=m/s²}",,,,,,,2025-04-09
67f5479fc999b80007ec7cad,1C4RJJAG3R8627134,2025-04-12T12:49:36.234Z,2025-04-12T12:49:36.234Z,217.0,"{latitude=35.155469, longitude=-86.563058, altitude={value=218.399994, unit=m}}",,,,,,,"{oil=null, battery=null, runtime=null, coolant=null, contact=true, ignition=true, speed=null, status=running}",,,,,"{value=48.9, unit=km/h}",True,driving,"{value=0.3, unit=m/s²}","{value=0.32, unit=m/s²}",,,,,,,2025-04-12
67f5479fc999b80007ec7cad,1C4RJJAG3R8627134,2025-04-13T03:53:16.334Z,2025-04-13T03:53:16.334Z,24.0,"{latitude=35.445547, longitude=-86.098032, altitude={value=329.899994, unit=m}}",,,,,,,"{oil=null, battery=null, runtime=null, coolant=null, contact=true, ignition=true, speed=null, status=running}",,,,,"{value=82.5, unit=km/h}",True,driving,"{value=0.02, unit=m/s²}","{value=0.08, unit=m/s²}",,,,,,,2025-04-13
67f53d83d0682900076d2404,1C6SRFFP6SN656304,2025-04-09T19:50:12.659Z,2025-04-09T19:50:12.659Z,58.0,"{latitude=35.822443, longitude=-86.39315, altitude={value=183.199997, unit=m}}",,,,,,,"{oil=null, battery=null, runtime=null, coolant=null, contact=true, ignition=true, speed=null, status=running}",,,,,"{value=0.0, unit=km/h}",False,halted,"{value=-0.04, unit=m/s²}","{value=-0.16, unit=m/s²}",,,,,,,2025-04-09
67f549d64035d600076aa0b0,1C6SRFLP7SN639810,2025-04-12T20:33:49.999Z,2025-04-12T20:33:49.999Z,44.0,"{latitude=34.34383, longitude=-89.538835, altitude={value=143.300003, unit=m}}",,"{value=4225.0, unit=km}",,"{residualautonomy={value=195, unit=km}, level={value=34.3, unit=L, percentage=35.0}, instantconsumption=null, averageconsumption={value=5.85, unit=L/100 km}}",,,"{oil={temperature={value=100, unit=°C}, pressure={value=0.0, unit=bar}, lifeleft={percentage=64}}, battery={voltage={value=12.525, unit=V}, charging=false, capacity=null}, runtime=null, coolant={temperature={value=99, unit=°C}}, contact=false, ignition=false, speed=null, status=off}",,,,,"{value=0.0, unit=km/h}",False,halted,,,,,,,,,2025-04-12
67f549d64035d600076aa0b0,1C6SRFLP7SN639810,2025-04-12T14:28:14.226Z,2025-04-12T14:28:14.226Z,265.0,"{latitude=34.361551, longitude=-89.564148, altitude={value=107.0, unit=m}}",,,,,,,"{oil=null, battery=null, runtime=null, coolant=null, contact=true, ignition=true, speed=null, status=running}",,,,,"{value=0.0, unit=km/h}",False,halted,"{value=0.0, unit=m/s²}","{value=-0.04, unit=m/s²}",,,,,,,2025-04-12
67f53675ac229c00073eed7b,1C6SRFLP8SN706298,2025-04-10T16:42:30.894Z,2025-04-10T16:42:30.894Z,7.0,"{latitude=35.82273, longitude=-86.394714, altitude={value=178.300003, unit=m}}",,,,,,,"{oil=null, battery=null, runtime=null, coolant=null, contact=true, ignition=true, speed=null, status=running}",,,,,"{value=0.0, unit=km/h}",False,halted,"{value=-0.16, unit=m/s²}","{value=-0.02, unit=m/s²}",,,,,,,2025-04-10
67f5479fc999b80007ec7cad,1C4RJJAG3R8627134,2025-04-11T22:13:45.719Z,2025-04-11T22:13:45.719Z,338.0,"{latitude=35.453289, longitude=-86.04658, altitude={value=323.799988, unit=m}}",,"{value=1646.0, unit=km}",,"{residualautonomy=null, level={value=41.76, unit=L, percentage=48.0}, instantconsumption={value=0.845389, unit=L/100 km}, averageconsumption=null}",,,"{oil={temperature={value=87, unit=°C}, pressure={value=1.8, unit=bar}, lifeleft={percentage=90}}, battery={voltage={value=12.775, unit=V}, charging=false, capacity=null}, runtime=null, coolant={temperature={value=89, unit=°C}}, contact=false, ignition=false, speed=null, status=off}","{front={left={value=38.0, unit=psi}, right={value=37.0, unit=psi}}, rear={left={value=37.0, unit=psi}, right={value=37.0, unit=psi}}}",,,,"{value=0.0, unit=km/h}",False,halted,,,,,,,,,2025-04-11
67f54c8bb9be3a000714cb61,1C4SJVFP1RS158761,2025-04-11T17:19:38.601Z,2025-04-11T17:19:38.601Z,85.0,"{latitude=35.823048, longitude=-86.394421, altitude={value=186.0, unit=m}}",,,,,,,"{oil=null, battery=null, runtime=null, coolant=null, contact=true, ignition=true, speed=null, status=running}",,,,,"{value=0.0, unit=km/h}",False,halted,"{value=0.12, unit=m/s²}","{value=-0.34, unit=m/s²}",,,,,,,2025-04-11
67f54e084035d600076af97a,1C4SJSBP1RS158800,2025-04-13T02:27:15.700Z,2025-04-13T02:27:15.700Z,255.0,"{latitude=35.543417, longitude=-88.20244, altitude={value=143.800003, unit=m}}",,,,"{residualautonomy=null, level=null, instantconsumption={value=0.427812, unit=L/100 km}, averageconsumption=null}",,,"{oil=null, battery=null, runtime=null, coolant=null, contact=true, ignition=true, speed=null, status=running}",,,,,"{value=92.4, unit=km/h}",True,driving,"{value=-0.36, unit=m/s²}","{value=0.0, unit=m/s²}",,,,,,,2025-04-13
67f53675ac229c00073eed7b,1C6SRFLP8SN706298,2025-04-08T23:49:37.795Z,2025-04-08T23:49:37.795Z,183.0,"{latitude=35.822413, longitude=-86.394831, altitude={value=184.5, unit=m}}",,"{value=28.0, unit=km}",,"{residualautonomy=null, level={value=7.84, unit=L, percentage=8.0}, instantconsumption=null, averageconsumption={value=5.65, unit=L/100 km}}",,,"{oil={temperature={value=66, unit=°C}, pressure={value=0.0, unit=bar}, lifeleft={percentage=100}}, battery={voltage={value=12.175, unit=V}, charging=false, capacity=null}, runtime=null, coolant={temperature={value=68, unit=°C}}, contact=false, ignition=false, speed=null, status=off}",,,,,"{value=0.0, unit=km/h}",False,halted,,,,,,,,,2025-04-08
67f54f4378c1360007393f44,3C6UR4HJ5RG285239,2025-04-10T11:22:57.653Z,2025-04-10T11:22:57.653Z,0.0,"{latitude=36.148472, longitude=-86.677002, altitude={value=168.199997, unit=m}}",,,,"{residualautonomy=null, level=null, instantconsumption={value=76.9214, unit=L/100 km}, averageconsumption=null}",,,"{oil=null, battery=null, runtime=null, coolant=null, contact=true, ignition=true, speed=null, status=running}",,,,,"{value=0.0, unit=km/h}",False,halted,"{value=-0.62, unit=m/s²}","{value=0.06, unit=m/s²}",,,,,,,2025-04-10
67f54c8bb9be3a000714cb61,1C4SJVFP1RS158761,2025-04-12T17:23:22.428Z,2025-04-12T17:23:22.428Z,348.0,"{latitude=36.100374, longitude=-86.135242, altitude={value=198.300003, unit=m}}",,,,,,,"{oil=null, battery=null, runtime=null, coolant=null, contact=true, ignition=true, speed=null, status=running}",,,,,"{value=9.7, unit=km/h}",True,driving,"{value=-0.08, unit=m/s²}","{value=-0.02, unit=m/s²}",,,,,,,2025-04-12
67f54f833d374400077e6487,3C6UR4HJ1RG285240,2025-04-12T11:36:39.525Z,2025-04-12T11:36:39.525Z,82.0,"{latitude=35.857315, longitude=-86.593773, altitude={value=201.5, unit=m}}",,,,,,,"{oil=null, battery=null, runtime=null, coolant=null, contact=true, ignition=true, speed=null, status=running}",,,,,"{value=128.7, unit=km/h}",True,driving,"{value=-0.52, unit=m/s²}","{value=0.1, unit=m/s²}",,,,,,,2025-04-12
67f549583d374400077de86c,3C4NJDCN3ST539719,2025-04-08T19:15:25.853Z,2025-04-08T19:15:25.853Z,262.0,"{latitude=35.822563099999996, longitude=-86.39440599999999, altitude={value=152.91799926757812, unit=m}}",,"{value=304.0, unit=km}",,,"{level=null, charging={mode=slow, remainingtime={value=0, unit=min}, status=disconnected, plugged=false}}",,"{oil={temperature={value=95, unit=°C}, pressure={value=0.0, unit=bar}, lifeleft=null}, battery={voltage=null, charging=false, capacity={percentage=53}}, runtime=null, coolant=null, contact=false, ignition=false, speed=null, status=off}","{front={left={value=10.0, unit=psi}, right={value=10.0, unit=psi}}, rear={left={value=10.0, unit=psi}, right={value=10.0, unit=psi}}}",,,,"{value=0.0, unit=km/h}",False,halted,,"{value=-10.24, unit=m/s²}",,,,,,,2025-04-08
67f54c8bb9be3a000714cb61,1C4SJVFP1RS158761,2025-04-12T21:17:47.560Z,2025-04-12T21:17:47.560Z,186.0,"{latitude=35.843829, longitude=-86.38408, altitude={value=187.600006, unit=m}}",,,,,,,"{oil=null, battery=null, runtime=null, coolant=null, contact=true, ignition=true, speed=null, status=running}",,,,,"{value=20.7, unit=km/h}",True,driving,"{value=-0.92, unit=m/s²}","{value=0.0, unit=m/s²}",,,,,,,2025-04-12
67f54f0478c1360007393b0a,3C6UR4HJ3RG275650,2025-04-11T00:11:21.718Z,2025-04-11T00:11:21.718Z,0.0,"{latitude=35.924637, longitude=-86.386047, altitude={value=173.0, unit=m}}",,,,"{residualautonomy=null, level=null, instantconsumption={value=120.47408, unit=L/100 km}, averageconsumption=null}",,,"{oil=null, battery=null, runtime=null, coolant=null, contact=true, ignition=true, speed=null, status=running}",,,,,"{value=0.0, unit=km/h}",False,halted,"{value=0.0, unit=m/s²}","{value=-0.16, unit=m/s²}",,,,,,,2025-04-11
67f54c8bb9be3a000714cb61,1C4SJVFP1RS158761,2025-04-12T04:11:50.653Z,2025-04-12T04:11:50.653Z,193.0,"{latitude=36.081099, longitude=-86.420594, altitude={value=176.399994, unit=m}}",,"{value=2316.0, unit=km}",,"{residualautonomy={value=511, unit=km}, level={value=94, unit=L, percentage=94.0}, instantconsumption=null, averageconsumption={value=5.4, unit=L/100 km}}",,,"{oil={temperature={value=109, unit=°C}, pressure={value=0.04, unit=bar}, lifeleft={percentage=80}}, battery={voltage={value=12.25, unit=V}, charging=false, capacity=null}, runtime=null, coolant={temperature={value=110, unit=°C}}, contact=false, ignition=false, speed=null, status=off}","{front={left={value=37.0, unit=psi}, right={value=37.0, unit=psi}}, rear={left={value=37.0, unit=psi}, right={value=36.0, unit=psi}}}",,,,"{value=0.0, unit=km/h}",False,halted,,,,,,,,,2025-04-12
67f549d64035d600076aa0b0,1C6SRFLP7SN639810,2025-04-12T14:32:20.738Z,2025-04-12T14:32:20.738Z,68.0,"{latitude=34.356777, longitude=-89.542967, altitude={value=138.5, unit=m}}",,,,,,,"{oil=null, battery=null, runtime=null, coolant=null, contact=true, ignition=true, speed=null, status=running}",,,,,"{value=67.3, unit=km/h}",True,driving,"{value=0.22, unit=m/s²}","{value=-0.96, unit=m/s²}",,,,,,,2025-04-12
67f5479fc999b80007ec7cad,1C4RJJAG3R8627134,2025-04-12T13:14:26.580Z,2025-04-12T13:14:26.580Z,263.0,"{latitude=35.17557, longitude=-86.997103, altitude={value=235.199997, unit=m}}",,,,,,,"{oil=null, battery=null, runtime=null, coolant=null, contact=true, ignition=true, speed=null, status=running}",,,,,"{value=128.8, unit=km/h}",True,driving,"{value=-0.04, unit=m/s²}","{value=1.16, unit=m/s²}",,,,,,,2025-04-12
67f53675ac229c00073eed7b,1C6SRFLP8SN706298,2025-04-10T16:41:28.763Z,2025-04-10T16:41:28.763Z,3.0,"{latitude=35.82245, longitude=-86.39479, altitude={value=179.0, unit=m}}",,,,,,,"{oil=null, battery=null, runtime=null, coolant=null, contact=true, ignition=true, speed=null, status=running}",,,,,"{value=2.4, unit=km/h}",True,driving,"{value=0.38, unit=m/s²}","{value=-0.02, unit=m/s²}",,,,,,,2025-04-10
67f549d64035d600076aa0b0,1C6SRFLP7SN639810,2025-04-10T14:38:58.146Z,2025-04-10T14:38:58.146Z,273.0,"{latitude=35.821098, longitude=-86.875676, altitude={value=237.300003, unit=m}}",,,,,,,"{oil=null, battery=null, runtime=null, coolant=null, contact=true, ignition=true, speed=null, status=running}",,,,,"{value=118.3, unit=km/h}",True,driving,"{value=-0.76, unit=m/s²}","{value=-0.62, unit=m/s²}",,,,,,,2025-04-10
67f54a8f78c136000738e283,1C4PJXDG3RW253156,2025-04-10T21:30:57.662Z,2025-04-10T21:30:57.662Z,294.0,"{latitude=35.815739, longitude=-86.383286, altitude={value=185.300003, unit=m}}",,,,,,,"{oil=null, battery=null, runtime=null, coolant=null, contact=true, ignition=true, speed=null, status=running}",,,,,"{value=80.7, unit=km/h}",True,driving,"{value=0.0, unit=m/s²}","{value=0.48, unit=m/s²}",,,,,,,2025-04-10
67f549d64035d600076aa0b0,1C6SRFLP7SN639810,2025-04-12T21:23:20.008Z,2025-04-12T21:23:20.008Z,31.0,"{latitude=34.343861, longitude=-89.539081, altitude={value=134.0, unit=m}}",,"{value=4234.0, unit=km}",,"{residualautonomy={value=189, unit=km}, level={value=32.34, unit=L, percentage=33.0}, instantconsumption=null, averageconsumption={value=5.85, unit=L/100 km}}",,,"{oil={temperature={value=95, unit=°C}, pressure={value=0.04, unit=bar}, lifeleft={percentage=64}}, battery={voltage={value=12.55, unit=V}, charging=false, capacity=null}, runtime=null, coolant={temperature={value=96, unit=°C}}, contact=false, ignition=false, speed=null, status=off}",,,,,"{value=0.0, unit=km/h}",False,halted,"{value=-0.16, unit=m/s²}","{value=0.1, unit=m/s²}",,,,,,,2025-04-12
67f5403d4035d6000769ea21,1C4RJYB64RC106886,2025-04-11T03:33:34.191Z,2025-04-11T03:33:34.191Z,0.0,"{latitude=35.822583, longitude=-86.394277, altitude={value=188.899994, unit=m}}",,"{value=165.0, unit=km}",,"{residualautonomy=null, level={value=42.48, unit=L, percentage=59.0}, instantconsumption=null, averageconsumption=null}","{level={percentage=1.0}, charging={mode=slow, remainingtime={value=773, unit=min}, status=disconnected, plugged=false}}",,"{oil=null, battery={voltage={value=14.525, unit=V}, charging=false, capacity=null}, runtime=null, coolant={temperature={value=-40, unit=°C}}, contact=false, ignition=false, speed=null, status=off}",,,,,"{value=0.0, unit=km/h}",False,halted,,,,,,,,,2025-04-11
67f54f0478c1360007393b0a,3C6UR4HJ3RG275650,2025-04-12T18:20:50.392Z,2025-04-12T18:20:50.392Z,5.0,"{latitude=35.919384, longitude=-86.383842, altitude={value=172.100006, unit=m}}",,,,,,,"{oil=null, battery=null, runtime=null, coolant=null, contact=true, ignition=true, speed=null, status=running}",,,,,"{value=28.7, unit=km/h}",True,driving,"{value=1.02, unit=m/s²}","{value=0.04, unit=m/s²}",,,,,,,2025-04-12
67f54f0478c1360007393b0a,3C6UR4HJ3RG275650,2025-04-09T23:53:22.862Z,2025-04-09T23:53:22.862Z,281.0,"{latitude=35.788952, longitude=-86.443741, altitude={value=193.899994, unit=m}}",,,,,,,"{oil=null, battery=null, runtime=null, coolant=null, contact=true, ignition=true, speed=null, status=running}",,,,,"{value=79.5, unit=km/h}",True,driving,"{value=-0.3, unit=m/s²}","{value=0.42, unit=m/s²}",,,,,,,2025-04-09
67f54e084035d600076af97a,1C4SJSBP1RS158800,2025-04-13T02:40:16.022Z,2025-04-13T02:40:16.022Z,44.0,"{latitude=35.477471, longitude=-88.273863, altitude={value=152.800003, unit=m}}",,,,"{residualautonomy=null, level=null, instantconsumption={value=50.4207, unit=L/100 km}, averageconsumption=null}",,,"{oil=null, battery=null, runtime=null, coolant=null, contact=true, ignition=true, speed=null, status=running}",,,,,"{value=10.1, unit=km/h}",True,driving,"{value=-0.22, unit=m/s²}","{value=-0.62, unit=m/s²}",,,,,,,2025-04-13
67f5479fc999b80007ec7cad,1C4RJJAG3R8627134,2025-04-11T22:06:30.687Z,2025-04-11T22:06:30.687Z,91.0,"{latitude=35.466587, longitude=-86.076598, altitude={value=325.600006, unit=m}}",,,,,,,"{oil=null, battery=null, runtime=null, coolant=null, contact=true, ignition=true, speed=null, status=running}",,,,,"{value=15.7, unit=km/h}",True,driving,"{value=-2.46, unit=m/s²}","{value=0.1, unit=m/s²}",,,,,,,2025-04-11
67f54e084035d600076af97a,1C4SJSBP1RS158800,2025-04-12T04:11:27.447Z,2025-04-12T04:11:27.447Z,185.0,"{latitude=35.633152, longitude=-88.123599, altitude={value=147.100006, unit=m}}",,,,,,,"{oil=null, battery=null, runtime=null, coolant=null, contact=true, ignition=true, speed=null, status=running}",,,,,"{value=91.1, unit=km/h}",True,driving,"{value=0.24, unit=m/s²}","{value=0.58, unit=m/s²}",,,,,,,2025-04-12
67f537b144b27e0007cba9a9,1C6PJTAG6SL515537,2025-04-08T21:05:06.875Z,2025-04-08T21:05:06.875Z,,"{latitude=null, longitude=null, altitude={value=0.0, unit=m}}",,"{value=26.0, unit=km}",,"{residualautonomy={value=200, unit=km}, level={value=34.5, unit=L, percentage=41.0}, instantconsumption=null, averageconsumption=null}",,,"{oil=null, battery={voltage={value=12.5, unit=V}, charging=false, capacity=null}, runtime=null, coolant=null, contact=false, ignition=false, speed=null, status=off}","{front={left={value=42.0, unit=psi}, right={value=42.0, unit=psi}}, rear={left={value=42.0, unit=psi}, right={value=43.0, unit=psi}}}",,,,"{value=0.0, unit=km/h}",False,halted,,,,,,,,,2025-04-08
67f54f833d374400077e6487,3C6UR4HJ1RG285240,2025-04-13T12:01:37.226Z,2025-04-13T12:01:37.226Z,138.0,"{latitude=35.826942, longitude=-86.413063, altitude={value=182.199997, unit=m}}",,,,,,,"{oil=null, battery=null, runtime=null, coolant=null, contact=true, ignition=true, speed=null, status=running}",,,,,"{value=122.9, unit=km/h}",True,driving,"{value=-0.2, unit=m/s²}","{value=0.12, unit=m/s²}",,,,,,,2025-04-13
67f54c8bb9be3a000714cb61,1C4SJVFP1RS158761,2025-04-12T23:21:28.530Z,2025-04-12T23:21:28.530Z,186.0,"{latitude=36.081106, longitude=-86.420594, altitude={value=176.899994, unit=m}}",,,,,,,"{oil=null, battery=null, runtime=null, coolant=null, contact=true, ignition=true, speed=null, status=running}",,,,,"{value=0.0, unit=km/h}",False,halted,"{value=0.06, unit=m/s²}","{value=-0.16, unit=m/s²}",,,,,,,2025-04-12
67f549583d374400077de86c,3C4NJDCN3ST539719,2025-04-12T22:32:51.880Z,2025-04-12T22:32:51.880Z,98.0,"{latitude=35.8270941, longitude=-86.3937996, altitude={value=141.18899536132812, unit=m}}",,"{value=305.0, unit=km}",,"{residualautonomy={value=103, unit=km}, level=null, instantconsumption=null, averageconsumption=null}","{level=null, charging={mode=slow, remainingtime={value=0, unit=min}, status=disconnected, plugged=false}}",,"{oil={temperature={value=76, unit=°C}, pressure={value=0.0, unit=bar}, lifeleft=null}, battery={voltage=null, charging=false, capacity={percentage=55}}, runtime=null, coolant=null, contact=false, ignition=false, speed=null, status=off}","{front={left={value=10.0, unit=psi}, right={value=10.0, unit=psi}}, rear={left={value=10.0, unit=psi}, right={value=10.0, unit=psi}}}",,,,"{value=0.0, unit=km/h}",False,halted,,,,,,,,,2025-04-12
67f54c8bb9be3a000714cb61,1C4SJVFP1RS158761,2025-04-12T16:47:33.050Z,2025-04-12T16:47:33.050Z,22.0,"{latitude=36.170428, longitude=-86.353426, altitude={value=180.699997, unit=m}}",,,,,,,"{oil=null, battery=null, runtime=null, coolant=null, contact=true, ignition=true, speed=null, status=running}",,,,,"{value=89.8, unit=km/h}",True,driving,"{value=0.12, unit=m/s²}","{value=0.06, unit=m/s²}",,,,,,,2025-04-12
67f536f53c60230007fb1919,1C4RJHEGXS8686335,2025-04-08T20:06:26.212Z,2025-04-08T20:06:26.212Z,0.0,"{latitude=35.823082, longitude=-86.394462, altitude={value=188.5, unit=m}}",,"{value=17.0, unit=km}",,"{residualautonomy=null, level={value=21.75, unit=L, percentage=25.0}, instantconsumption=null, averageconsumption=null}",,,"{oil=null, battery={voltage={value=12.2, unit=V}, charging=false, capacity=null}, runtime=null, coolant={temperature={value=-40, unit=°C}}, contact=false, ignition=false, speed=null, status=off}",,,,,"{value=0.0, unit=km/h}",False,halted,,,,,,,,,2025-04-08
67f55095ee4a290007052a76,2C3CDBCK0RR206873,2025-04-08T17:10:06.592Z,2025-04-08T17:10:06.592Z,,"{latitude=null, longitude=null, altitude={value=0.0, unit=m}}",,,,,,,"{oil=null, battery=null, runtime=null, coolant=null, contact=true, ignition=true, speed=null, status=running}",,,,,"{value=0.0, unit=km/h}",False,halted,"{value=0.02, unit=m/s²}","{value=-0.22, unit=m/s²}",{autoecall=false},,,,,,2025-04-08
67f549d64035d600076aa0b0,1C6SRFLP7SN639810,2025-04-08T18:36:43.690Z,2025-04-08T18:36:43.690Z,70.0,"{latitude=35.812813, longitude=-86.368603, altitude={value=192.600006, unit=m}}",,,,,,,"{oil=null, battery=null, runtime=null, coolant=null, contact=true, ignition=true, speed=null, status=running}",,,,,"{value=0.0, unit=km/h}",False,halted,"{value=0.0, unit=m/s²}","{value=-0.02, unit=m/s²}",,,,,,,2025-04-08
67f549d64035d600076aa0b0,1C6SRFLP7SN639810,2025-04-12T17:53:17.481Z,2025-04-12T17:53:17.481Z,183.0,"{latitude=34.366565, longitude=-89.517593, altitude={value=149.600006, unit=m}}",,,,,,,"{oil=null, battery=null, runtime=null, coolant=null, contact=true, ignition=true, speed=null, status=running}",,,,,"{value=6.8, unit=km/h}",True,driving,"{value=-1.32, unit=m/s²}","{value=0.78, unit=m/s²}",,,,,,,2025-04-12
67f55003c999b80007ed2589,1C4RJXP67RW220916,2025-04-09T21:35:17.327Z,2025-04-09T21:35:17.327Z,,,,"{value=1276.0, unit=km}",,"{residualautonomy={value=163, unit=km}, level={value=25.5, unit=L, percentage=39.0}, instantconsumption=null, averageconsumption={value=6.75, unit=L/100 km}}","{level=null, charging={mode=slow, remainingtime={value=1036, unit=min}, status=disconnected, plugged=false}}",,"{oil={temperature={value=23, unit=°C}, pressure={value=1.68, unit=bar}, lifeleft={percentage=96}}, battery={voltage={value=14.4, unit=V}, charging=null, capacity={percentage=43}}, runtime=null, coolant={temperature={value=43, unit=°C}}, contact=true, ignition=true, speed=null, status=running}","{front={left={value=39.0, unit=psi}, right={value=43.0, unit=psi}}, rear={left={value=39.0, unit=psi}, right={value=39.0, unit=psi}}}",,,,,,,,,,,,,,,2025-04-09
67f54e084035d600076af97a,1C4SJSBP1RS158800,2025-04-13T02:48:47.718Z,2025-04-13T02:48:47.718Z,49.0,"{latitude=35.478451, longitude=-88.272668, altitude={value=152.199997, unit=m}}",,,,"{residualautonomy=null, level=null, instantconsumption={value=53.904312, unit=L/100 km}, averageconsumption=null}",,,"{oil=null, battery=null, runtime=null, coolant=null, contact=true, ignition=true, speed=null, status=running}",,,,,"{value=0.0, unit=km/h}",False,halted,"{value=-0.06, unit=m/s²}","{value=0.0, unit=m/s²}",,,,,,,2025-04-13
67f5481ad40e190007612b63,ZACPDFDWXR3A11347,2025-04-12T00:24:53.422Z,2025-04-12T00:24:53.422Z,0.0,"{latitude=35.822929, longitude=-86.39476, altitude={value=180.800003, unit=m}}",,"{value=64.0, unit=km}",,"{residualautonomy=null, level={value=0, unit=L, percentage=0.0}, instantconsumption=null, averageconsumption=null}","{level={percentage=99.0}, charging={mode=slow, remainingtime={value=59, unit=min}, status=disconnected, plugged=false}}",,"{oil={temperature={value=59, unit=°C}, pressure=null, lifeleft=null}, battery={voltage={value=12.025, unit=V}, charging=null, capacity=null}, runtime=null, coolant={temperature={value=14, unit=°C}}, contact=false, ignition=false, speed=null, status=off}","{front={left={value=36.0, unit=psi}, right={value=37.0, unit=psi}}, rear={left={value=37.0, unit=psi}, right={value=37.0, unit=psi}}}",,,,"{value=0.0, unit=km/h}",False,halted,"{value=0.0, unit=m/s²}","{value=-0.08, unit=m/s²}",,,,,,"{odometer={value=9025, unit=km}, date={value=2026-04-12}}",2025-04-12
67f54f833d374400077e6487,3C6UR4HJ1RG285240,2025-04-12T02:41:32.262Z,2025-04-12T02:41:32.262Z,198.0,"{latitude=35.754051, longitude=-86.868881, altitude={value=219.899994, unit=m}}",,,,,,,"{oil=null, battery=null, runtime=null, coolant=null, contact=true, ignition=true, speed=null, status=running}",,,,,"{value=108.7, unit=km/h}",True,driving,"{value=0.0, unit=m/s²}","{value=0.12, unit=m/s²}",,,,,,,2025-04-12
67f54f0478c1360007393b0a,3C6UR4HJ3RG275650,2025-04-11T00:25:01.466Z,2025-04-11T00:25:01.466Z,159.0,"{latitude=35.847984, longitude=-86.437935, altitude={value=187.199997, unit=m}}",,,,"{residualautonomy=null, level=null, instantconsumption={value=104.0064, unit=L/100 km}, averageconsumption=null}",,,"{oil=null, battery=null, runtime=null, coolant=null, contact=true, ignition=true, speed=null, status=running}",,,,,"{value=7.7, unit=km/h}",True,driving,"{value=-1.68, unit=m/s²}","{value=0.16, unit=m/s²}",,,,,,,2025-04-11
67f5479fc999b80007ec7cad,1C4RJJAG3R8627134,2025-04-13T02:56:49.995Z,2025-04-13T02:56:49.995Z,88.0,"{latitude=35.151808, longitude=-86.566692, altitude={value=223.0, unit=m}}",,,,,,,"{oil=null, battery=null, runtime=null, coolant=null, contact=true, ignition=true, speed=null, status=running}",,,,,"{value=33.6, unit=km/h}",True,driving,"{value=-0.28, unit=m/s²}","{value=1.92, unit=m/s²}",,,,,,,2025-04-13
67f549d64035d600076aa0b0,1C6SRFLP7SN639810,2025-04-11T19:43:10.707Z,2025-04-11T19:43:10.707Z,9.0,"{latitude=34.315301, longitude=-88.737531, altitude={value=88.599998, unit=m}}",,,,,,,"{oil=null, battery=null, runtime=null, coolant=null, contact=true, ignition=true, speed=null, status=running}",,,,,"{value=0.0, unit=km/h}",False,halted,"{value=-0.06, unit=m/s²}","{value=0.04, unit=m/s²}",,,,,,,2025-04-11
67f5427548dbd5000707072d,1C4RJHAG7SC288583,2025-04-10T18:11:25.422Z,2025-04-10T18:11:25.422Z,0.0,"{latitude=35.822932, longitude=-86.394523, altitude={value=182.5, unit=m}}",,,,,,,"{oil=null, battery=null, runtime=null, coolant=null, contact=true, ignition=true, speed=null, status=running}",,,,,"{value=0.0, unit=km/h}",False,halted,"{value=0.04, unit=m/s²}","{value=-0.2, unit=m/s²}",,,,,,,2025-04-10
67f54468d0682900076da4b8,1C4PJXEGXRW285679,2025-04-08T20:27:36.146Z,2025-04-08T20:27:36.146Z,0.0,"{latitude=35.822678, longitude=-86.394234, altitude={value=183.800003, unit=m}}",,"{value=163.0, unit=km}",,"{residualautonomy={value=98, unit=km}, level={value=26.5, unit=L, percentage=33.0}, instantconsumption=null, averageconsumption=null}",,,"{oil={temperature=null, pressure=null, lifeleft={percentage=96}}, battery={voltage={value=12.2, unit=V}, charging=false, capacity=null}, runtime=null, coolant=null, contact=false, ignition=false, speed=null, status=off}","{front={left={value=42.0, unit=psi}, right={value=42.0, unit=psi}}, rear={left={value=42.0, unit=psi}, right={value=42.0, unit=psi}}}",,,,"{value=0.0, unit=km/h}",False,halted,,,,,,,,,2025-04-08
67f54f833d374400077e6487,3C6UR4HJ1RG285240,2025-04-11T11:34:49.846Z,2025-04-11T11:34:49.846Z,41.0,"{latitude=35.837006, longitude=-86.717651, altitude={value=218.199997, unit=m}}",,,,,,,"{oil=null, battery=null, runtime=null, coolant=null, contact=true, ignition=true, speed=null, status=running}",,,,,"{value=129.3, unit=km/h}",True,driving,"{value=-0.02, unit=m/s²}","{value=-0.1, unit=m/s²}",,,,,,,2025-04-11
67f54f0478c1360007393b0a,3C6UR4HJ3RG275650,2025-04-09T00:03:22.109Z,2025-04-09T00:03:22.109Z,0.0,"{latitude=35.923939, longitude=-86.386131, altitude={value=179.800003, unit=m}}",,,,"{residualautonomy=null, level=null, instantconsumption={value=54.60336, unit=L/100 km}, averageconsumption=null}",,,"{oil=null, battery=null, runtime=null, coolant=null, contact=true, ignition=true, speed=null, status=running}",,,,,"{value=0.0, unit=km/h}",False,halted,"{value=-0.26, unit=m/s²}","{value=-0.16, unit=m/s²}",,,,,,,2025-04-08
67f549d64035d600076aa0b0,1C6SRFLP7SN639810,2025-04-11T20:41:31.103Z,2025-04-11T20:41:31.103Z,218.0,"{latitude=34.306196, longitude=-88.708441, altitude={value=78.900002, unit=m}}",,,,,,,"{oil=null, battery=null, runtime=null, coolant=null, contact=true, ignition=true, speed=null, status=running}",,,,,"{value=0.0, unit=km/h}",False,halted,"{value=0.12, unit=m/s²}","{value=-0.16, unit=m/s²}",,,,,,,2025-04-11
67f54c8bb9be3a000714cb61,1C4SJVFP1RS158761,2025-04-12T00:42:40.015Z,2025-04-12T00:42:40.015Z,0.0,"{latitude=35.823205, longitude=-86.394414, altitude={value=180.899994, unit=m}}",,,,,,,"{oil=null, battery=null, runtime=null, coolant=null, contact=true, ignition=true, speed=null, status=running}",,,,,"{value=0.0, unit=km/h}",False,halted,"{value=-0.04, unit=m/s²}","{value=0.16, unit=m/s²}",,,,,,,2025-04-12
67f5479fc999b80007ec7cad,1C4RJJAG3R8627134,2025-04-11T00:46:51.503Z,2025-04-11T00:46:51.503Z,0.0,"{latitude=35.482068, longitude=-86.088749, altitude={value=311.0, unit=m}}",,,,,,,"{oil=null, battery=null, runtime=null, coolant=null, contact=true, ignition=true, speed=null, status=running}",,,,,"{value=0.0, unit=km/h}",False,halted,"{value=0.14, unit=m/s²}","{value=0.38, unit=m/s²}",,,,,,,2025-04-11
67f54f0478c1360007393b0a,3C6UR4HJ3RG275650,2025-04-09T00:02:07.843Z,2025-04-09T00:02:07.843Z,139.0,"{latitude=35.92392, longitude=-86.386101, altitude={value=176.399994, unit=m}}",,,,"{residualautonomy=null, level=null, instantconsumption={value=97.72268, unit=L/100 km}, averageconsumption=null}",,,"{oil=null, battery=null, runtime=null, coolant=null, contact=true, ignition=true, speed=null, status=running}",,,,,"{value=1.7, unit=km/h}",True,driving,"{value=-0.5, unit=m/s²}","{value=-0.3, unit=m/s²}",,,,,,,2025-04-08
67f549d64035d600076aa0b0,1C6SRFLP7SN639810,2025-04-13T11:26:27.770Z,2025-04-13T11:26:27.770Z,97.0,"{latitude=34.365164, longitude=-89.533282, altitude={value=145.399994, unit=m}}",,,,,,,"{oil=null, battery=null, runtime=null, coolant=null, contact=true, ignition=true, speed=null, status=running}",,,,,"{value=0.0, unit=km/h}",False,halted,"{value=-0.16, unit=m/s²}","{value=0.36, unit=m/s²}",,,,,,,2025-04-13
67f54f0478c1360007393b0a,3C6UR4HJ3RG275650,2025-04-10T00:05:30.910Z,2025-04-10T00:05:30.910Z,323.0,"{latitude=35.803783, longitude=-86.478416, altitude={value=192.0, unit=m}}",,,,,,,"{oil=null, battery=null, runtime=null, coolant=null, contact=true, ignition=true, speed=null, status=running}",,,,,"{value=45.4, unit=km/h}",True,driving,"{value=1.58, unit=m/s²}","{value=-0.1, unit=m/s²}",,,,,,,2025-04-10
67f549d64035d600076aa0b0,1C6SRFLP7SN639810,2025-04-10T20:51:18.649Z,2025-04-10T20:51:18.649Z,81.0,"{latitude=34.328985, longitude=-89.798136, altitude={value=87.800003, unit=m}}",,,,,,,"{oil=null, battery=null, runtime=null, coolant=null, contact=true, ignition=true, speed=null, status=running}",,,,,"{value=116.9, unit=km/h}",True,driving,"{value=0.78, unit=m/s²}","{value=-0.56, unit=m/s²}",,,,,,,2025-04-10
67f54f833d374400077e6487,3C6UR4HJ1RG285240,2025-04-10T11:27:41.542Z,2025-04-10T11:27:41.542Z,7.0,"{latitude=35.780041, longitude=-86.863129, altitude={value=237.100006, unit=m}}",,,,"{residualautonomy=null, level=null, instantconsumption={value=94.03912, unit=L/100 km}, averageconsumption=null}",,,"{oil=null, battery=null, runtime=null, coolant=null, contact=true, ignition=true, speed=null, status=running}",,,,,"{value=30.5, unit=km/h}",True,driving,"{value=-0.8, unit=m/s²}","{value=0.14, unit=m/s²}",,,,,,,2025-04-10
67f53d83d0682900076d2404,1C6SRFFP6SN656304,2025-04-09T20:31:43.421Z,2025-04-09T20:31:43.421Z,58.0,"{latitude=35.82244, longitude=-86.39315, altitude={value=183.300003, unit=m}}",,,,,,,"{oil=null, battery=null, runtime=null, coolant=null, contact=true, ignition=true, speed=null, status=running}",,,,,"{value=0.0, unit=km/h}",False,halted,"{value=-0.04, unit=m/s²}","{value=-0.14, unit=m/s²}",,,,,,,2025-04-09
67f54c8bb9be3a000714cb61,1C4SJVFP1RS158761,2025-04-11T19:52:32.873Z,2025-04-11T19:52:32.873Z,186.0,"{latitude=35.823085, longitude=-86.393594, altitude={value=178.600006, unit=m}}",,"{value=2216.0, unit=km}",,"{residualautonomy={value=145, unit=km}, level={value=27, unit=L, percentage=27.0}, instantconsumption=null, averageconsumption={value=5.35, unit=L/100 km}}",,,"{oil={temperature={value=77, unit=°C}, pressure={value=0.04, unit=bar}, lifeleft={percentage=81}}, battery={voltage={value=12.175, unit=V}, charging=false, capacity=null}, runtime=null, coolant={temperature={value=81, unit=°C}}, contact=false, ignition=false, speed=null, status=off}","{front={left={value=40.0, unit=psi}, right={value=40.0, unit=psi}}, rear={left={value=40.0, unit=psi}, right={value=40.0, unit=psi}}}",,,,"{value=0.0, unit=km/h}",False,halted,,,,,,,,,2025-04-11
67f54c8bb9be3a000714cb61,1C4SJVFP1RS158761,2025-04-12T01:04:37.492Z,2025-04-12T01:04:37.492Z,353.0,"{latitude=35.932857, longitude=-86.435682, altitude={value=161.100006, unit=m}}",,,,,,,"{oil=null, battery=null, runtime=null, coolant=null, contact=true, ignition=true, speed=null, status=running}",,,,,"{value=123.2, unit=km/h}",True,driving,"{value=-0.22, unit=m/s²}","{value=-0.1, unit=m/s²}",,,,,,,2025-04-12
67f54f833d374400077e6487,3C6UR4HJ1RG285240,2025-04-09T11:33:35.292Z,2025-04-09T11:33:35.292Z,30.0,"{latitude=35.81329, longitude=-86.844482, altitude={value=235.199997, unit=m}}",,,,,,,"{oil=null, battery=null, runtime=null, coolant=null, contact=true, ignition=true, speed=null, status=running}",,,,,"{value=113.5, unit=km/h}",True,driving,"{value=-0.1, unit=m/s²}","{value=-0.12, unit=m/s²}",,,,,,,2025-04-09
67f54f0478c1360007393b0a,3C6UR4HJ3RG275650,2025-04-09T01:53:02.776Z,2025-04-09T01:53:02.776Z,257.0,"{latitude=35.938042, longitude=-86.414429, altitude={value=171.899994, unit=m}}",,,,,,,"{oil=null, battery=null, runtime=null, coolant=null, contact=true, ignition=true, speed=null, status=running}",,,,,"{value=57.9, unit=km/h}",True,driving,"{value=0.3, unit=m/s²}","{value=-0.94, unit=m/s²}",,,,,,,2025-04-09
67f54f4378c1360007393f44,3C6UR4HJ5RG285239,2025-04-10T10:05:32.411Z,2025-04-10T10:05:32.411Z,0.0,"{latitude=35.907837, longitude=-86.475853, altitude={value=175.800003, unit=m}}",,,,,,,"{oil=null, battery=null, runtime=null, coolant=null, contact=true, ignition=true, speed=null, status=running}",,,,,"{value=0.0, unit=km/h}",False,halted,"{value=-0.32, unit=m/s²}","{value=-0.02, unit=m/s²}",,,,,,,2025-04-10
67f54ec6b9be3a000714f090,3C6UR4HJ5RG275651,2025-04-11T23:27:13.538Z,2025-04-11T23:27:13.538Z,0.0,"{latitude=35.822441, longitude=-86.394234, altitude={value=185.800003, unit=m}}",,"{value=51.0, unit=km}",,"{residualautonomy=null, level={value=6, unit=L, percentage=4.0}, instantconsumption=null, averageconsumption={value=4.0, unit=L/100 km}}",,,"{oil=null, battery={voltage={value=12.3, unit=V}, charging=false, capacity=null}, runtime=null, coolant=null, contact=false, ignition=false, speed=null, status=off}","{front={left={value=58.0, unit=psi}, right={value=57.0, unit=psi}}, rear={left={value=59.0, unit=psi}, right={value=57.0, unit=psi}}}",,,,"{value=0.0, unit=km/h}",False,halted,"{value=-0.24, unit=m/s²}","{value=-0.06, unit=m/s²}",,,,,,,2025-04-11
67f53773ac229c00073f01fb,1C4RJHEG4S8686332,2025-04-12T14:52:08.572Z,2025-04-12T14:52:08.572Z,0.0,"{latitude=35.822713, longitude=-86.39438, altitude={value=180.5, unit=m}}",,"{value=15.0, unit=km}",,"{residualautonomy=null, level={value=21.75, unit=L, percentage=25.0}, instantconsumption=null, averageconsumption=null}",,,"{oil=null, battery={voltage={value=11.825, unit=V}, charging=false, capacity=null}, runtime=null, coolant={temperature={value=-40, unit=°C}}, contact=false, ignition=false, speed=null, status=off}",,,,,"{value=0.0, unit=km/h}",False,halted,,,,,,,,,2025-04-12
67f549d64035d600076aa0b0,1C6SRFLP7SN639810,2025-04-09T23:36:38.965Z,2025-04-09T23:36:38.965Z,346.0,"{latitude=35.8542, longitude=-86.43017, altitude={value=172.800003, unit=m}}",,"{value=3453.0, unit=km}",,"{residualautonomy={value=164, unit=km}, level={value=29.4, unit=L, percentage=30.0}, instantconsumption=null, averageconsumption={value=5.55, unit=L/100 km}}",,,"{oil={temperature={value=93, unit=°C}, pressure={value=0.0, unit=bar}, lifeleft={percentage=68}}, battery={voltage={value=12.75, unit=V}, charging=false, capacity=null}, runtime=null, coolant={temperature={value=94, unit=°C}}, contact=false, ignition=false, speed=null, status=off}",,,,,"{value=0.0, unit=km/h}",False,halted,"{value=0.0, unit=m/s²}","{value=-0.34, unit=m/s²}",,,,,,,2025-04-09
67f54c8bb9be3a000714cb61,1C4SJVFP1RS158761,2025-04-11T21:03:54.270Z,2025-04-11T21:03:54.270Z,106.0,"{latitude=35.823239, longitude=-86.394154, altitude={value=185.699997, unit=m}}",,,,,,,"{oil=null, battery=null, runtime=null, coolant=null, contact=true, ignition=true, speed=null, status=running}",,,,,"{value=0.0, unit=km/h}",False,halted,"{value=-0.16, unit=m/s²}","{value=-0.16, unit=m/s²}",,,,,,,2025-04-11
67f549d64035d600076aa0b0,1C6SRFLP7SN639810,2025-04-10T18:28:08.540Z,2025-04-10T18:28:08.540Z,128.0,"{latitude=35.067981, longitude=-89.988255, altitude={value=69.599998, unit=m}}",,,,,,,"{oil=null, battery=null, runtime=null, coolant=null, contact=true, ignition=true, speed=null, status=running}",,,,,"{value=0.0, unit=km/h}",False,halted,"{value=0.08, unit=m/s²}","{value=-0.04, unit=m/s²}",,,,,,,2025-04-10
67f54f4378c1360007393f44,3C6UR4HJ5RG285239,2025-04-12T14:06:20.239Z,2025-04-12T14:06:20.239Z,168.0,"{latitude=35.886028, longitude=-86.481224, altitude={value=176.600006, unit=m}}",,,,,,,"{oil=null, battery=null, runtime=null, coolant=null, contact=true, ignition=true, speed=null, status=running}",,,,,"{value=87.6, unit=km/h}",True,driving,"{value=-0.04, unit=m/s²}","{value=-1.92, unit=m/s²}",,,,,,,2025-04-12
67f549d64035d600076aa0b0,1C6SRFLP7SN639810,2025-04-09T22:20:28.474Z,2025-04-09T22:20:28.474Z,0.0,"{latitude=35.861833, longitude=-86.369887, altitude={value=181.5, unit=m}}",,"{value=3446.0, unit=km}",,"{residualautonomy={value=176, unit=km}, level={value=31.36, unit=L, percentage=32.0}, instantconsumption=null, averageconsumption={value=5.6, unit=L/100 km}}",,,"{oil={temperature={value=83, unit=°C}, pressure={value=0.0, unit=bar}, lifeleft={percentage=68}}, battery={voltage={value=12.4, unit=V}, charging=false, capacity=null}, runtime=null, coolant={temperature={value=85, unit=°C}}, contact=false, ignition=false, speed=null, status=off}",,,,,"{value=0.0, unit=km/h}",False,halted,,,,,,,,,2025-04-09
67f54f0478c1360007393b0a,3C6UR4HJ3RG275650,2025-04-12T17:56:02.821Z,2025-04-12T17:56:02.821Z,85.0,"{latitude=35.93848, longitude=-86.427078, altitude={value=167.699997, unit=m}}",,,,,,,"{oil=null, battery=null, runtime=null, coolant=null, contact=true, ignition=true, speed=null, status=running}",,,,,"{value=58.6, unit=km/h}",True,driving,"{value=-0.34, unit=m/s²}","{value=0.28, unit=m/s²}",,,,,,,2025-04-12
67f5479fc999b80007ec7cad,1C4RJJAG3R8627134,2025-04-11T16:02:44.905Z,2025-04-11T16:02:44.905Z,4.0,"{latitude=35.450369, longitude=-86.097724, altitude={value=329.899994, unit=m}}",,"{value=1639.0, unit=km}",,"{residualautonomy=null, level={value=43.5, unit=L, percentage=50.0}, instantconsumption={value=3.945149, unit=L/100 km}, averageconsumption=null}",,,"{oil={temperature={value=74, unit=°C}, pressure={value=1.84, unit=bar}, lifeleft={percentage=90}}, battery={voltage={value=12.6, unit=V}, charging=false, capacity=null}, runtime=null, coolant={temperature={value=88, unit=°C}}, contact=false, ignition=false, speed=null, status=off}","{front={left={value=38.0, unit=psi}, right={value=36.0, unit=psi}}, rear={left={value=37.0, unit=psi}, right={value=37.0, unit=psi}}}",,,,"{value=0.0, unit=km/h}",False,halted,,,,,,,,,2025-04-11
67f54c8bb9be3a000714cb61,1C4SJVFP1RS158761,2025-04-12T00:45:20.215Z,2025-04-12T00:45:20.215Z,0.0,"{latitude=35.823202, longitude=-86.394414, altitude={value=183.699997, unit=m}}",,,,,,,"{oil=null, battery=null, runtime=null, coolant=null, contact=true, ignition=true, speed=null, status=running}",,,,,"{value=0.0, unit=km/h}",False,halted,"{value=-0.06, unit=m/s²}","{value=0.14, unit=m/s²}",,,,,,,2025-04-12
67f54c8bb9be3a000714cb61,1C4SJVFP1RS158761,2025-04-11T16:17:28.865Z,2025-04-11T16:17:28.865Z,85.0,"{latitude=35.823058, longitude=-86.394414, altitude={value=185.399994, unit=m}}",,,,,,,"{oil=null, battery=null, runtime=null, coolant=null, contact=true, ignition=true, speed=null, status=running}",,,,,"{value=0.0, unit=km/h}",False,halted,"{value=0.12, unit=m/s²}","{value=-0.28, unit=m/s²}",,,,,,,2025-04-11
67f53ae978c136000737a198,1C4PJXEG0SW567934,2025-04-08T21:00:16.714Z,2025-04-08T21:00:16.714Z,,"{latitude=null, longitude=null, altitude={value=0.0, unit=m}}",,,,"{residualautonomy=null, level=null, instantconsumption={value=41.169200000000004, unit=L/100 km}, averageconsumption=null}",,,"{oil=null, battery=null, runtime=null, coolant=null, contact=true, ignition=true, speed=null, status=running}",,,,,"{value=0.0, unit=km/h}",False,halted,"{value=0.0, unit=m/s²}","{value=0.0, unit=m/s²}",,,,,,,2025-04-08
67f53831772b4b0007062e77,3C4RJNCK9ST573323,2025-04-12T20:53:15.453Z,2025-04-12T20:53:15.453Z,184.0,"{latitude=35.822483399999996, longitude=-86.39404429999999, altitude={value=150.5050048828125, unit=m}}",,"{value=18.0, unit=km}",,"{residualautonomy=null, level={value=0, unit=L, percentage=null}, instantconsumption=null, averageconsumption=null}","{level=null, charging={mode=slow, remainingtime={value=4076, unit=min}, status=disconnected, plugged=false}}",,"{oil={temperature={value=-40, unit=°C}, pressure={value=0.0, unit=bar}, lifeleft=null}, battery={voltage=null, charging=false, capacity={percentage=86}}, runtime=null, coolant=null, contact=false, ignition=false, speed=null, status=off}",,,,,"{value=0.0, unit=km/h}",False,halted,,,,,,,,,2025-04-12
67f5403d4035d6000769ea21,1C4RJYB64RC106886,2025-04-11T00:59:24.148Z,2025-04-11T00:59:24.148Z,0.0,"{latitude=35.822542, longitude=-86.394352, altitude={value=186.300003, unit=m}}",,"{value=165.0, unit=km}",,"{residualautonomy=null, level={value=42.48, unit=L, percentage=59.0}, instantconsumption=null, averageconsumption=null}","{level={percentage=2.0}, charging={mode=slow, remainingtime={value=767, unit=min}, status=disconnected, plugged=false}}",,"{oil=null, battery={voltage={value=14.6, unit=V}, charging=false, capacity=null}, runtime=null, coolant={temperature={value=-40, unit=°C}}, contact=false, ignition=false, speed=null, status=off}",,,,,"{value=0.0, unit=km/h}",False,halted,,,,,,,,,2025-04-11
67f54f833d374400077e6487,3C6UR4HJ1RG285240,2025-04-10T14:28:54.537Z,2025-04-10T14:28:54.537Z,0.0,"{latitude=35.794189, longitude=-86.401985, altitude={value=190.399994, unit=m}}",,,,"{residualautonomy=null, level=null, instantconsumption={value=69.55428, unit=L/100 km}, averageconsumption=null}",,,"{oil=null, battery=null, runtime=null, coolant=null, contact=true, ignition=true, speed=null, status=running}",,,,,"{value=0.0, unit=km/h}",False,halted,"{value=-0.58, unit=m/s²}","{value=-0.16, unit=m/s²}",,,,,,,2025-04-10
67f54c8bb9be3a000714cb61,1C4SJVFP1RS158761,2025-04-11T17:30:41.512Z,2025-04-11T17:30:41.512Z,85.0,"{latitude=35.823048, longitude=-86.394421, altitude={value=186.199997, unit=m}}",,,,,,,"{oil=null, battery=null, runtime=null, coolant=null, contact=true, ignition=true, speed=null, status=running}",,,,,"{value=0.0, unit=km/h}",False,halted,"{value=0.16, unit=m/s²}","{value=-0.28, unit=m/s²}",,,,,,,2025-04-11
67f54f833d374400077e6487,3C6UR4HJ1RG285240,2025-04-09T21:50:20.278Z,2025-04-09T21:50:20.278Z,0.0,"{latitude=35.793236, longitude=-86.39978, altitude={value=181.800003, unit=m}}",,,,,,,"{oil=null, battery=null, runtime=null, coolant=null, contact=true, ignition=true, speed=null, status=running}",,,,,"{value=0.0, unit=km/h}",False,halted,"{value=-0.34, unit=m/s²}","{value=-0.1, unit=m/s²}",,,,,,,2025-04-09
67f53831772b4b0007062e77,3C4RJNCK9ST573323,2025-04-12T20:45:51.348Z,2025-04-12T20:45:51.348Z,184.0,"{latitude=35.8224824, longitude=-86.39404429999999, altitude={value=150.47900390625, unit=m}}",,"{value=18.0, unit=km}",,"{residualautonomy=null, level={value=0, unit=L, percentage=null}, instantconsumption=null, averageconsumption=null}","{level=null, charging={mode=slow, remainingtime={value=4076, unit=min}, status=disconnected, plugged=false}}",,"{oil={temperature={value=-40, unit=°C}, pressure={value=0.0, unit=bar}, lifeleft=null}, battery={voltage=null, charging=false, capacity={percentage=84}}, runtime=null, coolant=null, contact=false, ignition=false, speed=null, status=off}",,,,,"{value=0.0, unit=km/h}",False,halted,,,,,,,,,2025-04-12
67f5479fc999b80007ec7cad,1C4RJJAG3R8627134,2025-04-11T15:59:10.515Z,2025-04-11T15:59:10.515Z,203.0,"{latitude=35.460836, longitude=-86.089815, altitude={value=324.100006, unit=m}}",,,,,,,"{oil=null, battery=null, runtime=null, coolant=null, contact=true, ignition=true, speed=null, status=running}",,,,,"{value=78.3, unit=km/h}",True,driving,"{value=-0.22, unit=m/s²}","{value=0.06, unit=m/s²}",,,,,,,2025-04-11
67f54f4378c1360007393f44,3C6UR4HJ5RG285239,2025-04-10T10:13:16.517Z,2025-04-10T10:13:16.517Z,,,,"{value=1800.0, unit=km}",,"{residualautonomy={value=186, unit=km}, level={value=32.5, unit=L, percentage=26.0}, instantconsumption=null, averageconsumption={value=6.0, unit=L/100 km}}",,,"{oil={temperature={value=89, unit=°C}, pressure={value=3.76, unit=bar}, lifeleft={percentage=87}}, battery={voltage={value=14.3, unit=V}, charging=null, capacity={percentage=99}}, runtime=null, coolant={temperature={value=92, unit=°C}}, contact=true, ignition=true, speed=null, status=running}","{front={left={value=53.0, unit=psi}, right={value=54.0, unit=psi}}, rear={left={value=58.0, unit=psi}, right={value=58.0, unit=psi}}}",,,,,,,,,,,,,,,2025-04-10
67f549583d374400077de86c,3C4NJDCN3ST539719,2025-04-12T19:37:51.893Z,2025-04-12T19:37:51.893Z,96.0,"{latitude=35.822524099999995, longitude=-86.3944236, altitude={value=147.8699951171875, unit=m}}",,,,,,,"{oil=null, battery=null, runtime=null, coolant=null, contact=true, ignition=true, speed=null, status=running}",,,,,"{value=0.0, unit=km/h}",False,halted,,,,,,,,,2025-04-12
67f54c8bb9be3a000714cb61,1C4SJVFP1RS158761,2025-04-12T01:47:02.254Z,2025-04-12T01:47:02.254Z,302.0,"{latitude=36.068385, longitude=-86.42726, altitude={value=164.899994, unit=m}}",,,,,,,"{oil=null, battery=null, runtime=null, coolant=null, contact=true, ignition=true, speed=null, status=running}",,,,,"{value=35.6, unit=km/h}",True,driving,"{value=0.2, unit=m/s²}","{value=-0.08, unit=m/s²}",,,,,,,2025-04-12
67f549d64035d600076aa0b0,1C6SRFLP7SN639810,2025-04-10T18:57:49.590Z,2025-04-10T18:57:49.590Z,101.0,"{latitude=35.068213, longitude=-89.988296, altitude={value=65.300003, unit=m}}",,,,,,,"{oil=null, battery=null, runtime=null, coolant=null, contact=true, ignition=true, speed=null, status=running}",,,,,"{value=0.0, unit=km/h}",False,halted,"{value=-0.08, unit=m/s²}","{value=-0.04, unit=m/s²}",,,,,,,2025-04-10
67f539e9fcccb900070f411b,2C3CDBCK1RR206879,2025-04-08T15:31:11.935Z,2025-04-08T15:31:11.935Z,,"{latitude=null, longitude=null, altitude={value=0.0, unit=m}}",,,,,,,"{oil=null, battery=null, runtime=null, coolant=null, contact=true, ignition=true, speed=null, status=running}",,,,,"{value=0.0, unit=km/h}",False,halted,"{value=-0.06, unit=m/s²}","{value=-0.22, unit=m/s²}",,,,,,,2025-04-08
67f549d64035d600076aa0b0,1C6SRFLP7SN639810,2025-04-10T13:31:46.453Z,2025-04-10T13:31:46.453Z,186.0,"{latitude=35.844109, longitude=-86.372141, altitude={value=193.5, unit=m}}",,,,,,,"{oil=null, battery=null, runtime=null, coolant=null, contact=true, ignition=true, speed=null, status=running}",,,,,"{value=0.0, unit=km/h}",False,halted,"{value=0.1, unit=m/s²}","{value=-0.04, unit=m/s²}",,,,,,,2025-04-10
67f54f0478c1360007393b0a,3C6UR4HJ3RG275650,2025-04-10T21:53:09.426Z,2025-04-10T21:53:09.426Z,41.0,"{latitude=35.90683, longitude=-86.44519, altitude={value=167.800003, unit=m}}",,,,,,,"{oil=null, battery=null, runtime=null, coolant=null, contact=true, ignition=true, speed=null, status=running}",,,,,"{value=125.3, unit=km/h}",True,driving,"{value=-0.14, unit=m/s²}","{value=0.06, unit=m/s²}",,,,,,,2025-04-10
67f54c8bb9be3a000714cb61,1C4SJVFP1RS158761,2025-04-09T20:51:09.076Z,2025-04-09T20:51:09.076Z,0.0,"{latitude=35.822519, longitude=-86.393977, altitude={value=183.100006, unit=m}}",,,,,,,"{oil=null, battery=null, runtime=null, coolant=null, contact=true, ignition=true, speed=null, status=running}",,,,,"{value=0.0, unit=km/h}",False,halted,"{value=0.02, unit=m/s²}","{value=-0.2, unit=m/s²}",,,,,,,2025-04-09
67f54f833d374400077e6487,3C6UR4HJ1RG285240,2025-04-09T21:56:20.644Z,2025-04-09T21:56:20.644Z,0.0,"{latitude=35.813667, longitude=-86.396538, altitude={value=190.0, unit=m}}",,,,"{residualautonomy=null, level=null, instantconsumption={value=75.838, unit=L/100 km}, averageconsumption=null}",,,"{oil=null, battery=null, runtime=null, coolant=null, contact=true, ignition=true, speed=null, status=running}",,,,,"{value=0.0, unit=km/h}",False,halted,"{value=-0.48, unit=m/s²}","{value=-0.26, unit=m/s²}",,,,,,,2025-04-09
67f54e084035d600076af97a,1C4SJSBP1RS158800,2025-04-13T01:25:35.562Z,2025-04-13T01:25:35.562Z,324.0,"{latitude=35.522578, longitude=-88.25034, altitude={value=131.100006, unit=m}}",,,,"{residualautonomy=null, level=null, instantconsumption={value=131.766096, unit=L/100 km}, averageconsumption=null}",,,"{oil=null, battery=null, runtime=null, coolant=null, contact=true, ignition=true, speed=null, status=running}",,,,,"{value=51.9, unit=km/h}",True,driving,"{value=-0.2, unit=m/s²}","{value=0.04, unit=m/s²}",,,,,,,2025-04-13
67f54f0478c1360007393b0a,3C6UR4HJ3RG275650,2025-04-12T18:31:58.883Z,2025-04-12T18:31:58.883Z,173.0,"{latitude=35.897305, longitude=-86.383263, altitude={value=183.0, unit=m}}",,,,,,,"{oil=null, battery=null, runtime=null, coolant=null, contact=true, ignition=true, speed=null, status=running}",,,,,"{value=62.6, unit=km/h}",True,driving,"{value=0.3, unit=m/s²}","{value=-0.02, unit=m/s²}",,,,,,,2025-04-12
67f5407b8e9c440007b9f02a,1C4RJYB69RC114529,2025-04-09T17:33:43.987Z,2025-04-09T17:33:43.987Z,100.0,"{latitude=35.822901, longitude=-86.394578, altitude={value=180.899994, unit=m}}",,,,,,,"{oil=null, battery=null, runtime=null, coolant=null, contact=true, ignition=true, speed=null, status=running}",,,,,"{value=0.0, unit=km/h}",False,halted,"{value=-0.04, unit=m/s²}","{value=0.0, unit=m/s²}",,,,,,,2025-04-09
67f549583d374400077de86c,3C4NJDCN3ST539719,2025-04-08T18:59:03.318Z,2025-04-08T18:59:03.318Z,262.0,"{latitude=35.822563099999996, longitude=-86.39440599999999, altitude={value=152.91799926757812, unit=m}}",,,,,,,"{oil=null, battery=null, runtime=null, coolant=null, contact=true, ignition=true, speed=null, status=running}",,,,,"{value=0.0, unit=km/h}",False,halted,,,,,,,,,2025-04-08
67f549d64035d600076aa0b0,1C6SRFLP7SN639810,2025-04-12T17:39:52.308Z,2025-04-12T17:39:52.308Z,9.0,"{latitude=34.364946, longitude=-89.519048, altitude={value=145.300003, unit=m}}",,,,,,,"{oil=null, battery=null, runtime=null, coolant=null, contact=true, ignition=true, speed=null, status=running}",,,,,"{value=0.4, unit=km/h}",True,driving,"{value=0.38, unit=m/s²}","{value=0.14, unit=m/s²}",,,,,,,2025-04-12
67f54f0478c1360007393b0a,3C6UR4HJ3RG275650,2025-04-11T22:19:54.256Z,2025-04-11T22:19:54.256Z,0.0,"{latitude=35.844585, longitude=-86.469452, altitude={value=184.300003, unit=m}}",,"{value=1910.0, unit=km}",,"{residualautonomy={value=194, unit=km}, level={value=88.5, unit=L, percentage=73.0}, instantconsumption=null, averageconsumption=null}",,,"{oil=null, battery={voltage={value=12.3, unit=V}, charging=false, capacity=null}, runtime=null, coolant=null, contact=false, ignition=false, speed=null, status=off}","{front={left={value=60.0, unit=psi}, right={value=58.0, unit=psi}}, rear={left={value=63.0, unit=psi}, right={value=62.0, unit=psi}}}",,,,"{value=0.0, unit=km/h}",False,halted,,,,,,,,,2025-04-11
67f5427548dbd5000707072d,1C4RJHAG7SC288583,2025-04-11T18:51:38.351Z,2025-04-11T18:51:38.351Z,,,,"{value=67.0, unit=km}",,"{residualautonomy={value=345, unit=km}, level={value=87, unit=L, percentage=100.0}, instantconsumption=null, averageconsumption={value=4.1, unit=L/100 km}}",,,"{oil={temperature={value=63, unit=°C}, pressure={value=2.24, unit=bar}, lifeleft={percentage=98}}, battery={voltage={value=14.55, unit=V}, charging=null, capacity={percentage=72}}, runtime=null, coolant={temperature={value=86, unit=°C}}, contact=true, ignition=true, speed=null, status=running}","{front={left={value=38.0, unit=psi}, right={value=38.0, unit=psi}}, rear={left={value=38.0, unit=psi}, right={value=38.0, unit=psi}}}",,,,,,,,,,,,,,,2025-04-11
67f54c8bb9be3a000714cb61,1C4SJVFP1RS158761,2025-04-12T01:09:25.023Z,2025-04-12T01:09:25.023Z,357.0,"{latitude=36.018357, longitude=-86.427725, altitude={value=158.899994, unit=m}}",,,,,,,"{oil=null, battery=null, runtime=null, coolant=null, contact=true, ignition=true, speed=null, status=running}",,,,,"{value=127.3, unit=km/h}",True,driving,"{value=-0.3, unit=m/s²}","{value=-0.26, unit=m/s²}",,,,,,,2025-04-12
67f53773ac229c00073f01fb,1C4RJHEG4S8686332,2025-04-08T21:05:17.263Z,2025-04-08T21:05:17.263Z,0.0,"{latitude=35.822293, longitude=-86.393813, altitude={value=179.600006, unit=m}}",,"{value=15.0, unit=km}",,"{residualautonomy=null, level={value=22.62, unit=L, percentage=26.0}, instantconsumption=null, averageconsumption=null}",,,"{oil=null, battery={voltage={value=12.125, unit=V}, charging=false, capacity=null}, runtime=null, coolant={temperature={value=-40, unit=°C}}, contact=false, ignition=false, speed=null, status=off}",,,,,"{value=0.0, unit=km/h}",False,halted,,,,,,,,,2025-04-08
67f54f833d374400077e6487,3C6UR4HJ1RG285240,2025-04-09T22:55:11.481Z,2025-04-09T22:55:11.481Z,0.0,"{latitude=35.810398, longitude=-86.397568, altitude={value=185.600006, unit=m}}",,,,"{residualautonomy=null, level=null, instantconsumption={value=71.07104, unit=L/100 km}, averageconsumption=null}",,,"{oil=null, battery=null, runtime=null, coolant=null, contact=true, ignition=true, speed=null, status=running}",,,,,"{value=0.0, unit=km/h}",False,halted,"{value=-0.02, unit=m/s²}","{value=-0.28, unit=m/s²}",,,,,,,2025-04-09
67f54e084035d600076af97a,1C4SJSBP1RS158800,2025-04-12T03:58:16.185Z,2025-04-12T03:58:16.185Z,167.0,"{latitude=35.785888, longitude=-88.087871, altitude={value=131.100006, unit=m}}",,,,,,,"{oil=null, battery=null, runtime=null, coolant=null, contact=true, ignition=true, speed=null, status=running}",,,,,"{value=93.5, unit=km/h}",True,driving,"{value=-0.08, unit=m/s²}","{value=0.02, unit=m/s²}",,,,,,,2025-04-12
67f5479fc999b80007ec7cad,1C4RJJAG3R8627134,2025-04-10T23:39:17.471Z,2025-04-10T23:39:17.471Z,121.0,"{latitude=35.500936, longitude=-86.089507, altitude={value=318.100006, unit=m}}",,,,,,,"{oil=null, battery=null, runtime=null, coolant=null, contact=true, ignition=true, speed=null, status=running}",,,,,"{value=121.5, unit=km/h}",True,driving,"{value=0.18, unit=m/s²}","{value=0.1, unit=m/s²}",,,,,,,2025-04-10
67f549d64035d600076aa0b0,1C6SRFLP7SN639810,2025-04-09T18:16:36.525Z,2025-04-09T18:16:36.525Z,272.0,"{latitude=35.861833, longitude=-86.369853, altitude={value=188.899994, unit=m}}",,"{value=3427.0, unit=km}",,"{residualautonomy={value=195, unit=km}, level={value=34.3, unit=L, percentage=35.0}, instantconsumption=null, averageconsumption={value=5.65, unit=L/100 km}}",,,"{oil={temperature={value=67, unit=°C}, pressure={value=0.0, unit=bar}, lifeleft={percentage=68}}, battery={voltage={value=12.175, unit=V}, charging=false, capacity=null}, runtime=null, coolant={temperature={value=69, unit=°C}}, contact=false, ignition=false, speed=null, status=off}",,,,,"{value=0.0, unit=km/h}",False,halted,,,,,,,,,2025-04-09
67f549d64035d600076aa0b0,1C6SRFLP7SN639810,2025-04-12T20:05:39.599Z,2025-04-12T20:05:39.599Z,340.0,"{latitude=34.363665, longitude=-89.51411, altitude={value=128.800003, unit=m}}",,,,,,,"{oil=null, battery=null, runtime=null, coolant=null, contact=true, ignition=true, speed=null, status=running}",,,,,"{value=4.8, unit=km/h}",True,driving,"{value=-1.3, unit=m/s²}","{value=-0.14, unit=m/s²}",,,,,,,2025-04-12
67f53773ac229c00073f01fb,1C4RJHEG4S8686332,2025-04-12T14:32:13.400Z,2025-04-12T14:32:13.400Z,0.0,"{latitude=35.82272, longitude=-86.39438, altitude={value=181.399994, unit=m}}",,"{value=15.0, unit=km}",,"{residualautonomy=null, level={value=21.75, unit=L, percentage=25.0}, instantconsumption=null, averageconsumption=null}",,,"{oil=null, battery={voltage={value=11.875, unit=V}, charging=false, capacity=null}, runtime=null, coolant={temperature={value=-40, unit=°C}}, contact=false, ignition=false, speed=null, status=off}",,,,,"{value=0.0, unit=km/h}",False,halted,,,,,,,,,2025-04-12
67f54f833d374400077e6487,3C6UR4HJ1RG285240,2025-04-09T02:22:23.687Z,2025-04-09T02:22:23.687Z,287.0,"{latitude=35.841881, longitude=-86.64061, altitude={value=243.699997, unit=m}}",,,,,,,"{oil=null, battery=null, runtime=null, coolant=null, contact=true, ignition=true, speed=null, status=running}",,,,,"{value=120.5, unit=km/h}",True,driving,"{value=0.02, unit=m/s²}","{value=-0.88, unit=m/s²}",,,,,,,2025-04-09
67f545e8b9be3a0007143a85,1C4RJKBG3S8647264,2025-04-10T17:42:48.491Z,2025-04-10T17:42:48.491Z,0.0,"{latitude=35.82232, longitude=-86.393669, altitude={value=185.100006, unit=m}}",,,,,,,"{oil=null, battery=null, runtime=null, coolant=null, contact=true, ignition=true, speed=null, status=running}",,,,,"{value=0.0, unit=km/h}",False,halted,"{value=0.06, unit=m/s²}","{value=-0.04, unit=m/s²}",,,,,,,2025-04-10
67f544a878c1360007386923,1C4RJHAG2SC288586,2025-04-10T14:36:55.956Z,2025-04-10T14:36:55.956Z,53.0,"{latitude=35.823031, longitude=-86.394414, altitude={value=187.300003, unit=m}}",,,,,,,"{oil=null, battery=null, runtime=null, coolant=null, contact=true, ignition=true, speed=null, status=running}",,,,,"{value=0.0, unit=km/h}",False,halted,"{value=0.12, unit=m/s²}","{value=-0.04, unit=m/s²}",,,,,,,2025-04-10
67f549d64035d600076aa0b0,1C6SRFLP7SN639810,2025-04-11T19:02:35.626Z,2025-04-11T19:02:35.626Z,76.0,"{latitude=34.358126, longitude=-89.490259, altitude={value=130.800003, unit=m}}",,,,,,,"{oil=null, battery=null, runtime=null, coolant=null, contact=true, ignition=true, speed=null, status=running}",,,,,"{value=116.3, unit=km/h}",True,driving,"{value=0.06, unit=m/s²}","{value=-0.26, unit=m/s²}",,,,,,,2025-04-11
67f54b4d48dbd5000707c1b4,1C4JJXR66PW704342,2025-04-08T17:53:37.424Z,2025-04-08T17:53:37.424Z,307.0,"{latitude=35.8226107, longitude=-86.3944674, altitude={value=185.0, unit=m}}",,"{value=74.9, unit=km}",,"{residualautonomy=null, level={value=0, unit=L, percentage=0.0}, instantconsumption=null, averageconsumption=null}","{level={percentage=1.0}, charging={mode=slow, remainingtime={value=968, unit=min}, status=disconnected, plugged=false}}",,"{oil={temperature={value=9, unit=°C}, pressure={value=0.0, unit=bar}, lifeleft={percentage=0}}, battery={voltage={value=12.7, unit=V}, charging=false, capacity={percentage=69}}, runtime=null, coolant=null, contact=false, ignition=false, speed=null, status=off}","{front={left={value=33.0, unit=psi}, right={value=33.0, unit=psi}}, rear={left={value=34.0, unit=psi}, right={value=33.0, unit=psi}}}",,,[low-fuel-level],"{value=0.0, unit=km/h}",False,halted,"{value=-0.34, unit=m/s²}","{value=0.22, unit=m/s²}",,,,,,,2025-04-08
67f535b93c60230007fafe9c,1C6PJTAG3SL515527,2025-04-10T16:04:18.789Z,2025-04-10T16:04:18.789Z,196.0,"{latitude=35.8223767, longitude=-86.3930977, altitude={value=154.03799438476562, unit=m}}",,,,,,,"{oil=null, battery=null, runtime=null, coolant=null, contact=true, ignition=true, speed=null, status=running}",,,,,"{value=0.0, unit=km/h}",False,halted,"{value=0.0, unit=m/s²}","{value=0.0, unit=m/s²}",,,,,,,2025-04-10
67f54a8f78c136000738e283,1C4PJXDG3RW253156,2025-04-10T21:32:28.373Z,2025-04-10T21:32:28.373Z,4.0,"{latitude=35.819805, longitude=-86.395409, altitude={value=185.5, unit=m}}",,,,,,,"{oil=null, battery=null, runtime=null, coolant=null, contact=true, ignition=true, speed=null, status=running}",,,,,"{value=35.5, unit=km/h}",True,driving,"{value=0.96, unit=m/s²}","{value=0.0, unit=m/s²}",,,,,,,2025-04-10
67f549d64035d600076aa0b0,1C6SRFLP7SN639810,2025-04-11T19:00:33.392Z,2025-04-11T19:00:33.392Z,96.0,"{latitude=34.35424, longitude=-89.528398, altitude={value=123.900002, unit=m}}",,,,,,,"{oil=null, battery=null, runtime=null, coolant=null, contact=true, ignition=true, speed=null, status=running}",,,,,"{value=88.5, unit=km/h}",True,driving,"{value=1.08, unit=m/s²}","{value=-0.26, unit=m/s²}",,,,,,,2025-04-11
67f54f833d374400077e6487,3C6UR4HJ1RG285240,2025-04-12T18:53:10.749Z,2025-04-12T18:53:10.749Z,82.0,"{latitude=35.846302, longitude=-86.42775, altitude={value=178.300003, unit=m}}",,,,"{residualautonomy=null, level=null, instantconsumption={value=78.43816, unit=L/100 km}, averageconsumption=null}",,,"{oil=null, battery=null, runtime=null, coolant=null, contact=true, ignition=true, speed=null, status=running}",,,,,"{value=22.8, unit=km/h}",True,driving,"{value=-1.18, unit=m/s²}","{value=-0.38, unit=m/s²}",,,,,,,2025-04-12
67f549d64035d600076aa0b0,1C6SRFLP7SN639810,2025-04-10T19:34:44.977Z,2025-04-10T19:34:44.977Z,290.0,"{latitude=35.052042, longitude=-89.984266, altitude={value=75.199997, unit=m}}",,,,,,,"{oil=null, battery=null, runtime=null, coolant=null, contact=true, ignition=true, speed=null, status=running}",,,,,"{value=0.0, unit=km/h}",False,halted,"{value=0.12, unit=m/s²}","{value=0.18, unit=m/s²}",,,,,,,2025-04-10
67f53831772b4b0007062e77,3C4RJNCK9ST573323,2025-04-08T21:04:03.213Z,2025-04-08T21:04:03.213Z,317.0,"{latitude=35.8176018, longitude=-86.3872772, altitude={value=155.5989990234375, unit=m}}",,,,,,,"{oil=null, battery=null, runtime=null, coolant=null, contact=true, ignition=true, speed=null, status=running}",,,,,"{value=78.0, unit=km/h}",True,driving,"{value=-0.66, unit=m/s²}","{value=-0.38, unit=m/s²}",,,,,,,2025-04-08
67f54e084035d600076af97a,1C4SJSBP1RS158800,2025-04-12T16:53:06.611Z,2025-04-12T16:53:06.611Z,261.0,"{latitude=35.478362, longitude=-88.272784, altitude={value=145.600006, unit=m}}",,,,"{residualautonomy=null, level=null, instantconsumption={value=61.238232, unit=L/100 km}, averageconsumption=null}",,,"{oil=null, battery=null, runtime=null, coolant=null, contact=true, ignition=true, speed=null, status=running}",,,,,"{value=7.3, unit=km/h}",True,driving,"{value=0.0, unit=m/s²}","{value=0.08, unit=m/s²}",,,,,,,2025-04-12
67f53831772b4b0007062e77,3C4RJNCK9ST573323,2025-04-12T20:18:12.728Z,2025-04-12T20:18:12.728Z,184.0,"{latitude=35.8224795, longitude=-86.39404359999999, altitude={value=150.42100524902344, unit=m}}",,"{value=18.0, unit=km}",,"{residualautonomy=null, level={value=0, unit=L, percentage=null}, instantconsumption=null, averageconsumption=null}","{level=null, charging={mode=slow, remainingtime={value=4043, unit=min}, status=disconnected, plugged=false}}",,"{oil={temperature={value=-40, unit=°C}, pressure={value=0.0, unit=bar}, lifeleft=null}, battery={voltage=null, charging=false, capacity={percentage=75}}, runtime=null, coolant=null, contact=false, ignition=false, speed=null, status=off}",,,,,"{value=0.0, unit=km/h}",False,halted,,,,,,,,,2025-04-12
67f549d64035d600076aa0b0,1C6SRFLP7SN639810,2025-04-10T21:35:37.662Z,2025-04-10T21:35:37.662Z,0.0,"{latitude=34.34367, longitude=-89.539258, altitude={value=143.199997, unit=m}}",,"{value=3989.0, unit=km}",,"{residualautonomy={value=470, unit=km}, level={value=81.34, unit=L, percentage=83.0}, instantconsumption=null, averageconsumption={value=5.85, unit=L/100 km}}",,,"{oil={temperature={value=89, unit=°C}, pressure={value=0.0, unit=bar}, lifeleft={percentage=65}}, battery={voltage={value=12.475, unit=V}, charging=false, capacity=null}, runtime=null, coolant={temperature={value=90, unit=°C}}, contact=false, ignition=false, speed=null, status=off}",,,,,"{value=0.0, unit=km/h}",False,halted,,,,,,,,,2025-04-10
67f549d64035d600076aa0b0,1C6SRFLP7SN639810,2025-04-10T16:01:29.136Z,2025-04-10T16:01:29.136Z,252.0,"{latitude=35.767962, longitude=-88.458934, altitude={value=159.600006, unit=m}}",,,,,,,"{oil=null, battery=null, runtime=null, coolant=null, contact=true, ignition=true, speed=null, status=running}",,,,,"{value=112.4, unit=km/h}",True,driving,"{value=-0.48, unit=m/s²}","{value=0.24, unit=m/s²}",,,,,,,2025-04-10
67f54f833d374400077e6487,3C6UR4HJ1RG285240,2025-04-10T11:29:32.526Z,2025-04-10T11:29:32.526Z,33.0,"{latitude=35.797569, longitude=-86.856735, altitude={value=250.600006, unit=m}}",,,,,,,"{oil=null, battery=null, runtime=null, coolant=null, contact=true, ignition=true, speed=null, status=running}",,,,,"{value=117.5, unit=km/h}",True,driving,"{value=0.04, unit=m/s²}","{value=-0.02, unit=m/s²}",,,,,,,2025-04-10
67f549d64035d600076aa0b0,1C6SRFLP7SN639810,2025-04-10T16:42:37.372Z,2025-04-10T16:42:37.372Z,244.0,"{latitude=35.653953, longitude=-88.882194, altitude={value=101.099998, unit=m}}",,,,,,,"{oil=null, battery=null, runtime=null, coolant=null, contact=true, ignition=true, speed=null, status=running}",,,,,"{value=121.8, unit=km/h}",True,driving,"{value=0.0, unit=m/s²}","{value=0.06, unit=m/s²}",,,,,,,2025-04-10
67f54c8bb9be3a000714cb61,1C4SJVFP1RS158761,2025-04-12T16:45:45.830Z,2025-04-12T16:45:45.830Z,54.0,"{latitude=36.145102, longitude=-86.371171, altitude={value=212.600006, unit=m}}",,,,,,,"{oil=null, battery=null, runtime=null, coolant=null, contact=true, ignition=true, speed=null, status=running}",,,,,"{value=119.8, unit=km/h}",True,driving,"{value=0.0, unit=m/s²}","{value=-0.04, unit=m/s²}",,,,,,,2025-04-12
67f54e084035d600076af97a,1C4SJSBP1RS158800,2025-04-11T20:51:26.568Z,2025-04-11T20:51:26.568Z,94.0,"{latitude=35.826992, longitude=-86.393813, altitude={value=181.199997, unit=m}}",,"{value=28.0, unit=km}",,"{residualautonomy={value=87, unit=km}, level={value=21.85, unit=L, percentage=19.0}, instantconsumption=null, averageconsumption={value=4.0, unit=L/100 km}}",,,"{oil={temperature={value=73, unit=°C}, pressure={value=0.0, unit=bar}, lifeleft={percentage=100}}, battery={voltage={value=12.325, unit=V}, charging=false, capacity=null}, runtime=null, coolant={temperature={value=81, unit=°C}}, contact=false, ignition=false, speed=null, status=off}","{front={left={value=40.0, unit=psi}, right={value=40.0, unit=psi}}, rear={left={value=40.0, unit=psi}, right={value=40.0, unit=psi}}}",,,,"{value=0.0, unit=km/h}",False,halted,,,,,,,,,2025-04-11
67f549d64035d600076aa0b0,1C6SRFLP7SN639810,2025-04-11T18:53:00.749Z,2025-04-11T18:53:00.749Z,313.0,"{latitude=34.3466, longitude=-89.543575, altitude={value=149.0, unit=m}}",,,,,,,"{oil=null, battery=null, runtime=null, coolant=null, contact=true, ignition=true, speed=null, status=running}",,,,,"{value=0.0, unit=km/h}",False,halted,"{value=0.0, unit=m/s²}","{value=0.22, unit=m/s²}",,,,,,,2025-04-11
67f54c8bb9be3a000714cb61,1C4SJVFP1RS158761,2025-04-12T23:16:34.750Z,2025-04-12T23:16:34.750Z,2.0,"{latitude=36.067647, longitude=-86.422957, altitude={value=155.0, unit=m}}",,,,,,,"{oil=null, battery=null, runtime=null, coolant=null, contact=true, ignition=true, speed=null, status=running}",,,,,"{value=39.6, unit=km/h}",True,driving,"{value=0.7, unit=m/s²}","{value=0.04, unit=m/s²}",,,,,,,2025-04-12
67f53773ac229c00073f01fb,1C4RJHEG4S8686332,2025-04-11T20:23:27.627Z,2025-04-11T20:23:27.627Z,0.0,"{latitude=35.822703, longitude=-86.394387, altitude={value=184.399994, unit=m}}",,"{value=15.0, unit=km}",,"{residualautonomy={value=123, unit=km}, level={value=21.75, unit=L, percentage=25.0}, instantconsumption=null, averageconsumption={value=6.15, unit=L/100 km}}",,,"{oil=null, battery={voltage={value=12.025, unit=V}, charging=false, capacity=null}, runtime=null, coolant={temperature={value=-40, unit=°C}}, contact=false, ignition=false, speed=null, status=off}",,,,,"{value=0.0, unit=km/h}",False,halted,,,,,,,,,2025-04-11
67f54f833d374400077e6487,3C6UR4HJ1RG285240,2025-04-12T02:28:52.233Z,2025-04-12T02:28:52.233Z,271.0,"{latitude=35.846603, longitude=-86.679054, altitude={value=225.100006, unit=m}}",,,,,,,"{oil=null, battery=null, runtime=null, coolant=null, contact=true, ignition=true, speed=null, status=running}",,,,,"{value=116.8, unit=km/h}",True,driving,"{value=-0.48, unit=m/s²}","{value=0.02, unit=m/s²}",,,,,,,2025-04-12
67f546e2ee4a2900070467c7,1C4RJHBGXSC286857,2025-04-08T20:05:56.817Z,2025-04-08T20:05:56.817Z,97.0,"{latitude=35.822679, longitude=-86.394359, altitude={value=177.199997, unit=m}}",,,,,,,"{oil=null, battery=null, runtime=null, coolant=null, contact=true, ignition=true, speed=null, status=running}",,,,,"{value=0.0, unit=km/h}",False,halted,"{value=-0.1, unit=m/s²}","{value=-0.24, unit=m/s²}",,,,,,,2025-04-08
67f53773ac229c00073f01fb,1C4RJHEG4S8686332,2025-04-08T21:26:56.668Z,2025-04-08T21:26:56.668Z,0.0,"{latitude=35.8223, longitude=-86.393813, altitude={value=181.199997, unit=m}}",,"{value=15.0, unit=km}",,"{residualautonomy=null, level={value=21.75, unit=L, percentage=25.0}, instantconsumption={value=57.768259, unit=L/100 km}, averageconsumption=null}",,,"{oil={temperature={value=51, unit=°C}, pressure={value=1.76, unit=bar}, lifeleft={percentage=100}}, battery={voltage={value=12.525, unit=V}, charging=false, capacity=null}, runtime=null, coolant={temperature={value=65, unit=°C}}, contact=false, ignition=false, speed=null, status=off}",,,,,"{value=0.0, unit=km/h}",False,halted,,,,,,,,,2025-04-08
67f54f833d374400077e6487,3C6UR4HJ1RG285240,2025-04-10T14:00:32.725Z,2025-04-10T14:00:32.725Z,182.0,"{latitude=35.838181, longitude=-86.83329, altitude={value=238.199997, unit=m}}",,,,,,,"{oil=null, battery=null, runtime=null, coolant=null, contact=true, ignition=true, speed=null, status=running}",,,,,"{value=122.2, unit=km/h}",True,driving,"{value=-0.18, unit=m/s²}","{value=0.02, unit=m/s²}",,,,,,,2025-04-10
67f542f08e9c440007ba1d32,1C4SDJCT4SC511480,2025-04-11T23:35:23.575Z,2025-04-11T23:35:23.575Z,96.0,"{latitude=35.786055, longitude=-86.401033, altitude={value=166.39199829101562, unit=m}}",,,,,,,"{oil=null, battery=null, runtime=null, coolant=null, contact=true, ignition=true, speed=null, status=running}",,,,,"{value=0.0, unit=km/h}",False,halted,"{value=0.16, unit=m/s²}","{value=10.16, unit=m/s²}",,,,,,,2025-04-11
67f549d64035d600076aa0b0,1C6SRFLP7SN639810,2025-04-09T18:22:50.179Z,2025-04-09T18:22:50.179Z,187.0,"{latitude=35.840332, longitude=-86.372817, altitude={value=192.100006, unit=m}}",,,,"{residualautonomy=null, level=null, instantconsumption={value=25.079878, unit=L/100 km}, averageconsumption=null}",,,"{oil=null, battery=null, runtime=null, coolant=null, contact=true, ignition=true, speed=null, status=running}",,,,,"{value=63.3, unit=km/h}",True,driving,"{value=-0.5, unit=m/s²}","{value=0.06, unit=m/s²}",,,,,,,2025-04-09
67f54f833d374400077e6487,3C6UR4HJ1RG285240,2025-04-12T18:48:08.030Z,2025-04-12T18:48:08.030Z,274.0,"{latitude=35.853416, longitude=-86.430382, altitude={value=168.399994, unit=m}}",,,,,,,"{oil=null, battery=null, runtime=null, coolant=null, contact=true, ignition=true, speed=null, status=running}",,,,,"{value=8.7, unit=km/h}",True,driving,"{value=1.12, unit=m/s²}","{value=0.14, unit=m/s²}",,,,,,,2025-04-12
67f54e084035d600076af97a,1C4SJSBP1RS158800,2025-04-11T20:46:48.978Z,2025-04-11T20:46:48.978Z,138.0,"{latitude=35.82298, longitude=-86.394414, altitude={value=183.800003, unit=m}}",,,,,,,"{oil=null, battery=null, runtime=null, coolant=null, contact=true, ignition=true, speed=null, status=running}",,,,,"{value=0.0, unit=km/h}",False,halted,"{value=0.16, unit=m/s²}","{value=0.2, unit=m/s²}",,,,,,,2025-04-11
67f54fc5d40e19000761c780,1C4SJUAP1RS153657,2025-04-09T22:42:10.134Z,2025-04-09T22:42:10.134Z,0.0,"{latitude=35.823171, longitude=-86.393232, altitude={value=170.600006, unit=m}}",,"{value=985.0, unit=km}",,"{residualautonomy={value=254, unit=km}, level={value=42, unit=L, percentage=42.0}, instantconsumption=null, averageconsumption={value=6.1, unit=L/100 km}}",,,"{oil={temperature={value=21, unit=°C}, pressure={value=0.0, unit=bar}, lifeleft={percentage=91}}, battery={voltage={value=11.2, unit=V}, charging=false, capacity=null}, runtime=null, coolant={temperature={value=20, unit=°C}}, contact=false, ignition=false, speed=null, status=off}",,,,,"{value=0.0, unit=km/h}",False,halted,,,,,,,,,2025-04-09
67f54c8bb9be3a000714cb61,1C4SJVFP1RS158761,2025-04-11T15:17:35.412Z,2025-04-11T15:17:35.412Z,85.0,"{latitude=35.823058, longitude=-86.394407, altitude={value=184.600006, unit=m}}",,,,,,,"{oil=null, battery=null, runtime=null, coolant=null, contact=true, ignition=true, speed=null, status=running}",,,,,"{value=0.0, unit=km/h}",False,halted,"{value=0.16, unit=m/s²}","{value=-0.3, unit=m/s²}",,,,,,,2025-04-11
