_id,vin,datetime,datetimesending,heading,geolocation,calculated,odometer,externaltemperature,fuel,electricity,adas,engine,tirepressure,lights,seatbelt,alerts,speed,moving,status,acceleration,accelerationlat,crash,transmissiongear,doors,previous_state,previous,maintenance,partition_0,geolocation.altitude.unit,geolocation.altitude.value,geolocation.latitude,geolocation.longitude,odometer.unit,odometer.value,fuel.averageconsumption,fuel.averageconsumption.unit,fuel.averageconsumption.value,fuel.instantconsumption,fuel.instantconsumption.unit,fuel.instantconsumption.value,fuel.level,fuel.level.percentage,fuel.level.unit,fuel.level.value,fuel.residualautonomy,fuel.residualautonomy.unit,fuel.residualautonomy.value,electricity.charging,electricity.charging.mode,electricity.charging.plugged,electricity.charging.remainingtime,electricity.charging.remainingtime.unit,electricity.charging.remainingtime.value,electricity.charging.status,electricity.level,electricity.level.percentage,adas.abs,engine.battery,engine.battery.capacity,engine.battery.capacity.percentage,engine.battery.charging,engine.battery.voltage,engine.battery.voltage.unit,engine.battery.voltage.value,engine.contact,engine.coolant,engine.coolant.temperature.unit,engine.coolant.temperature.value,engine.ignition,engine.oil,engine.oil.lifeleft,engine.oil.lifeleft.percentage,engine.oil.pressure,engine.oil.pressure.unit,engine.oil.pressure.value,engine.oil.temperature,engine.oil.temperature.unit,engine.oil.temperature.value,engine.runtime,engine.speed,engine.status,tirepressure.front.left,tirepressure.front.left.unit,tirepressure.front.left.value,tirepressure.front.right,tirepressure.front.right.unit,tirepressure.front.right.value,tirepressure.rear,tirepressure.rear.left,tirepressure.rear.left.unit,tirepressure.rear.left.value,tirepressure.rear.right.unit,tirepressure.rear.right.value,lights.fog,lights.fog.front,lights.fog.rear,lights.turn,lights.warnings,seatbelt.driver,seatbelt.passenger.front,speed.unit,speed.value,acceleration.unit,acceleration.value,accelerationlat.unit,accelerationlat.value,crash.autoecall,doors.locked,doors.open.driver,doors.open.passenger.front,doors.open.passenger.rear.left,doors.open.passenger.rear.right,doors.open.rear,maintenance.date,maintenance.date.value,maintenance.odometer.unit,maintenance.odometer.value
67f54c8bb9be3a000714cb61,1C4SJVFP1RS158761,2025-04-13T00:11:02.133Z,2025-04-13T00:11:02.133Z,187.0,"{latitude=36.081092, longitude=-86.420669, altitude={value=163.5, unit=m}}",,"{value=2437.0, unit=km}",,"{residualautonomy={value=428, unit=km}, level={value=74, unit=L, percentage=74.0}, instantconsumption=null, averageconsumption={value=5.6, unit=L/100 km}}",,,"{oil={temperature={value=82, unit=°C}, pressure={value=0.04, unit=bar}, lifeleft={percentage=79}}, battery={voltage={value=12.45, unit=V}, charging=false, capacity=null}, runtime=null, coolant={temperature={value=87, unit=°C}}, contact=false, ignition=false, speed=null, status=off}","{front={left={value=39.0, unit=psi}, right={value=38.0, unit=psi}}, rear={left={value=40.0, unit=psi}, right={value=38.0, unit=psi}}}",,,,"{value=0.0, unit=km/h}",False,halted,,,,,,,,,2025-04-13,m,163.5,36.081092,-86.420669,km,2437.0,,L/100 km,5.6,,,,,74.0,L,74.0,,km,428.0,,,,,,,,,,,,,,False,,V,12.45,False,,°C,87.0,False,,,79.0,,bar,0.04,,°C,82.0,,,off,,psi,39.0,,psi,38.0,,,psi,40.0,psi,38.0,,,,,,,,km/h,0.0,,,,,,,,,,,,,,,
67f54f0478c1360007393b0a,3C6UR4HJ3RG275650,2025-04-11T01:03:47.274Z,2025-04-11T01:03:47.274Z,7.0,"{latitude=35.83923, longitude=-86.457878, altitude={value=186.5, unit=m}}",,,,,,,"{oil=null, battery=null, runtime=null, coolant=null, contact=true, ignition=true, speed=null, status=running}",,,,,"{value=48.8, unit=km/h}",True,driving,"{value=0.22, unit=m/s²}","{value=0.46, unit=m/s²}",,,,,,,2025-04-11,m,186.5,35.83923,-86.457878,,,,,,,,,,,,,,,,,,,,,,,,,,,,,,,,,True,,,,True,,,,,,,,,,,,running,,,,,,,,,,,,,,,,,,,,km/h,48.8,m/s²,0.22,m/s²,0.46,,,,,,,,,,,
67f54a8f78c136000738e283,1C4PJXDG3RW253156,2025-04-11T20:21:52.495Z,2025-04-11T20:21:52.495Z,300.0,"{latitude=35.831417, longitude=-86.385017, altitude={value=190.800003, unit=m}}",,,,,,,"{oil=null, battery=null, runtime=null, coolant=null, contact=true, ignition=true, speed=null, status=running}",,,,,"{value=31.6, unit=km/h}",True,driving,"{value=0.72, unit=m/s²}","{value=2.0, unit=m/s²}",,,,,,,2025-04-11,m,190.800003,35.831417,-86.385017,,,,,,,,,,,,,,,,,,,,,,,,,,,,,,,,,True,,,,True,,,,,,,,,,,,running,,,,,,,,,,,,,,,,,,,,km/h,31.6,m/s²,0.72,m/s²,2.0,,,,,,,,,,,
67f5403d4035d6000769ea21,1C4RJYB64RC106886,2025-04-11T03:40:11.661Z,2025-04-11T03:40:11.661Z,0.0,"{latitude=35.82258, longitude=-86.394332, altitude={value=188.199997, unit=m}}",,"{value=165.0, unit=km}",,"{residualautonomy=null, level={value=42.48, unit=L, percentage=59.0}, instantconsumption=null, averageconsumption=null}","{level={percentage=1.0}, charging={mode=slow, remainingtime={value=775, unit=min}, status=disconnected, plugged=false}}",,"{oil=null, battery={voltage={value=14.45, unit=V}, charging=false, capacity=null}, runtime=null, coolant={temperature={value=-40, unit=°C}}, contact=false, ignition=false, speed=null, status=off}",,,,,"{value=0.0, unit=km/h}",False,halted,,,,,,,,,2025-04-11,m,188.199997,35.82258,-86.394332,km,165.0,,,,,,,,59.0,L,42.48,,,,,slow,False,,min,775.0,disconnected,,1.0,,,,,False,,V,14.45,False,,°C,-40.0,False,,,,,,,,,,,,off,,,,,,,,,,,,,,,,,,,,km/h,0.0,,,,,,,,,,,,,,,
67f54d8b9a89ff000731c1cc,ZFAFFAA45RX214509,2025-04-12T07:01:17.911Z,2025-04-12T07:01:17.911Z,0.0,"{latitude=35.822949, longitude=-86.394373, altitude={value=160.100006, unit=m}}",,"{value=78.0, unit=km}",,,"{level={percentage=70.0}, charging={mode=slow, remainingtime={value=434, unit=min}, status=disconnected, plugged=false}}",,"{oil=null, battery={voltage={value=14.4, unit=V}, charging=null, capacity=null}, runtime=null, coolant=null, contact=false, ignition=false, speed=null, status=off}",,,,,"{value=0.0, unit=km/h}",False,halted,"{value=0.08, unit=m/s²}","{value=0.0, unit=m/s²}",,,,,,,2025-04-12,m,160.100006,35.822949,-86.394373,km,78.0,,,,,,,,,,,,,,,slow,False,,min,434.0,disconnected,,70.0,,,,,,,V,14.4,False,,,,False,,,,,,,,,,,,off,,,,,,,,,,,,,,,,,,,,km/h,0.0,m/s²,0.08,m/s²,0.0,,,,,,,,,,,
67f54e084035d600076af97a,1C4SJSBP1RS158800,2025-04-12T03:58:16.185Z,2025-04-12T03:58:16.185Z,167.0,"{latitude=35.785888, longitude=-88.087871, altitude={value=131.100006, unit=m}}",,,,,,,"{oil=null, battery=null, runtime=null, coolant=null, contact=true, ignition=true, speed=null, status=running}",,,,,"{value=93.5, unit=km/h}",True,driving,"{value=-0.08, unit=m/s²}","{value=0.02, unit=m/s²}",,,,,,,2025-04-12,m,131.100006,35.785888,-88.087871,,,,,,,,,,,,,,,,,,,,,,,,,,,,,,,,,True,,,,True,,,,,,,,,,,,running,,,,,,,,,,,,,,,,,,,,km/h,93.5,m/s²,-0.08,m/s²,0.02,,,,,,,,,,,
67f54f0478c1360007393b0a,3C6UR4HJ3RG275650,2025-04-10T22:00:00.020Z,2025-04-10T22:00:00.020Z,98.0,"{latitude=35.927158, longitude=-86.400955, altitude={value=165.899994, unit=m}}",,,,,,,"{oil=null, battery=null, runtime=null, coolant=null, contact=true, ignition=true, speed=null, status=running}",,,,,"{value=69.5, unit=km/h}",True,driving,"{value=-0.08, unit=m/s²}","{value=0.02, unit=m/s²}",,,,,,,2025-04-10,m,165.899994,35.927158,-86.400955,,,,,,,,,,,,,,,,,,,,,,,,,,,,,,,,,True,,,,True,,,,,,,,,,,,running,,,,,,,,,,,,,,,,,,,,km/h,69.5,m/s²,-0.08,m/s²,0.02,,,,,,,,,,,
67f54c8bb9be3a000714cb61,1C4SJVFP1RS158761,2025-04-12T02:11:55.831Z,2025-04-12T02:11:55.831Z,181.0,"{latitude=35.854241, longitude=-86.430156, altitude={value=173.399994, unit=m}}",,,,,,,"{oil=null, battery=null, runtime=null, coolant=null, contact=true, ignition=true, speed=null, status=running}",,,,,"{value=6.9, unit=km/h}",True,driving,"{value=0.66, unit=m/s²}","{value=0.9, unit=m/s²}",,,,,,,2025-04-12,m,173.399994,35.854241,-86.430156,,,,,,,,,,,,,,,,,,,,,,,,,,,,,,,,,True,,,,True,,,,,,,,,,,,running,,,,,,,,,,,,,,,,,,,,km/h,6.9,m/s²,0.66,m/s²,0.9,,,,,,,,,,,
67f54c8bb9be3a000714cb61,1C4SJVFP1RS158761,2025-04-12T01:09:25.023Z,2025-04-12T01:09:25.023Z,357.0,"{latitude=36.018357, longitude=-86.427725, altitude={value=158.899994, unit=m}}",,,,,,,"{oil=null, battery=null, runtime=null, coolant=null, contact=true, ignition=true, speed=null, status=running}",,,,,"{value=127.3, unit=km/h}",True,driving,"{value=-0.3, unit=m/s²}","{value=-0.26, unit=m/s²}",,,,,,,2025-04-12,m,158.899994,36.018357,-86.427725,,,,,,,,,,,,,,,,,,,,,,,,,,,,,,,,,True,,,,True,,,,,,,,,,,,running,,,,,,,,,,,,,,,,,,,,km/h,127.3,m/s²,-0.3,m/s²,-0.26,,,,,,,,,,,
67f54f0478c1360007393b0a,3C6UR4HJ3RG275650,2025-04-10T00:05:30.910Z,2025-04-10T00:05:30.910Z,323.0,"{latitude=35.803783, longitude=-86.478416, altitude={value=192.0, unit=m}}",,,,,,,"{oil=null, battery=null, runtime=null, coolant=null, contact=true, ignition=true, speed=null, status=running}",,,,,"{value=45.4, unit=km/h}",True,driving,"{value=1.58, unit=m/s²}","{value=-0.1, unit=m/s²}",,,,,,,2025-04-10,m,192.0,35.803783,-86.478416,,,,,,,,,,,,,,,,,,,,,,,,,,,,,,,,,True,,,,True,,,,,,,,,,,,running,,,,,,,,,,,,,,,,,,,,km/h,45.4,m/s²,1.58,m/s²,-0.1,,,,,,,,,,,
67f543ea4035d600076a2e85,1C4RDJDG3SC511051,2025-04-08T23:45:04.735Z,2025-04-08T23:45:04.735Z,97.0,"{latitude=35.8274732, longitude=-86.39362419999999, altitude={value=152.56199645996094, unit=m}}",,,,,,,"{oil=null, battery=null, runtime=null, coolant=null, contact=true, ignition=true, speed=null, status=running}",,,,,"{value=38.0, unit=km/h}",True,driving,"{value=0.48, unit=m/s²}","{value=10.16, unit=m/s²}",,,,,,,2025-04-08,m,152.56199645996094,35.8274732,-86.39362419999999,,,,,,,,,,,,,,,,,,,,,,,,,,,,,,,,,True,,,,True,,,,,,,,,,,,running,,,,,,,,,,,,,,,,,,,,km/h,38.0,m/s²,0.48,m/s²,10.16,,,,,,,,,,,
67f54f833d374400077e6487,3C6UR4HJ1RG285240,2025-04-10T02:31:26.272Z,2025-04-10T02:31:26.272Z,287.0,"{latitude=35.812294, longitude=-86.794258, altitude={value=282.200012, unit=m}}",,,,,,,"{oil=null, battery=null, runtime=null, coolant=null, contact=true, ignition=true, speed=null, status=running}",,,,,"{value=120.0, unit=km/h}",True,driving,"{value=-0.02, unit=m/s²}","{value=0.18, unit=m/s²}",,,,,,,2025-04-10,m,282.200012,35.812294,-86.794258,,,,,,,,,,,,,,,,,,,,,,,,,,,,,,,,,True,,,,True,,,,,,,,,,,,running,,,,,,,,,,,,,,,,,,,,km/h,120.0,m/s²,-0.02,m/s²,0.18,,,,,,,,,,,
67f54c8bb9be3a000714cb61,1C4SJVFP1RS158761,2025-04-12T22:53:32.288Z,2025-04-12T22:53:32.288Z,9.0,"{latitude=35.886425, longitude=-86.382379, altitude={value=184.300003, unit=m}}",,,,,,,"{oil=null, battery=null, runtime=null, coolant=null, contact=true, ignition=true, speed=null, status=running}",,,,,"{value=67.8, unit=km/h}",True,driving,"{value=0.38, unit=m/s²}","{value=-0.44, unit=m/s²}",,,,,,,2025-04-12,m,184.300003,35.886425,-86.382379,,,,,,,,,,,,,,,,,,,,,,,,,,,,,,,,,True,,,,True,,,,,,,,,,,,running,,,,,,,,,,,,,,,,,,,,km/h,67.8,m/s²,0.38,m/s²,-0.44,,,,,,,,,,,
67f54d0bc999b80007ecf402,ZFAFFAA47RX204922,2025-04-10T11:09:15.637Z,2025-04-10T11:09:15.637Z,0.0,"{latitude=35.822566, longitude=-86.394462, altitude={value=181.0, unit=m}}",,"{value=47.0, unit=km}",,,"{level={percentage=88.0}, charging={mode=slow, remainingtime={value=203, unit=min}, status=disconnected, plugged=false}}",,"{oil=null, battery={voltage={value=14.875, unit=V}, charging=null, capacity=null}, runtime=null, coolant=null, contact=false, ignition=false, speed=null, status=off}",,,,,"{value=0.0, unit=km/h}",False,halted,"{value=0.08, unit=m/s²}","{value=0.18, unit=m/s²}",,,,,,,2025-04-10,m,181.0,35.822566,-86.394462,km,47.0,,,,,,,,,,,,,,,slow,False,,min,203.0,disconnected,,88.0,,,,,,,V,14.875,False,,,,False,,,,,,,,,,,,off,,,,,,,,,,,,,,,,,,,,km/h,0.0,m/s²,0.08,m/s²,0.18,,,,,,,,,,,
67f54c4c9a89ff000731b19c,1C4RJYE64R8941739,2025-04-09T20:15:52.111Z,2025-04-09T20:15:52.111Z,95.0,"{latitude=35.822369, longitude=-86.393311, altitude={value=175.399994, unit=m}}",,,,,,,"{oil=null, battery=null, runtime=null, coolant=null, contact=true, ignition=true, speed=null, status=running}",,,,,"{value=0.0, unit=km/h}",False,halted,"{value=-0.04, unit=m/s²}","{value=-0.3, unit=m/s²}",,,,,,,2025-04-09,m,175.399994,35.822369,-86.393311,,,,,,,,,,,,,,,,,,,,,,,,,,,,,,,,,True,,,,True,,,,,,,,,,,,running,,,,,,,,,,,,,,,,,,,,km/h,0.0,m/s²,-0.04,m/s²,-0.3,,,,,,,,,,,
67f549d64035d600076aa0b0,1C6SRFLP7SN639810,2025-04-11T18:53:00.749Z,2025-04-11T18:53:00.749Z,313.0,"{latitude=34.3466, longitude=-89.543575, altitude={value=149.0, unit=m}}",,,,,,,"{oil=null, battery=null, runtime=null, coolant=null, contact=true, ignition=true, speed=null, status=running}",,,,,"{value=0.0, unit=km/h}",False,halted,"{value=0.0, unit=m/s²}","{value=0.22, unit=m/s²}",,,,,,,2025-04-11,m,149.0,34.3466,-89.543575,,,,,,,,,,,,,,,,,,,,,,,,,,,,,,,,,True,,,,True,,,,,,,,,,,,running,,,,,,,,,,,,,,,,,,,,km/h,0.0,m/s²,0.0,m/s²,0.22,,,,,,,,,,,
67f54f0478c1360007393b0a,3C6UR4HJ3RG275650,2025-04-11T17:14:25.218Z,2025-04-11T17:14:25.218Z,0.0,"{latitude=35.84296, longitude=-86.473648, altitude={value=184.199997, unit=m}}",,,,"{residualautonomy=null, level=null, instantconsumption={value=80.38828, unit=L/100 km}, averageconsumption=null}",,,"{oil=null, battery=null, runtime=null, coolant=null, contact=true, ignition=true, speed=null, status=running}",,,,,"{value=0.0, unit=km/h}",False,halted,"{value=-0.12, unit=m/s²}","{value=-0.12, unit=m/s²}",,,,,,,2025-04-11,m,184.199997,35.84296,-86.473648,,,,,,,L/100 km,80.38828,,,,,,,,,,,,,,,,,,,,,,,,,True,,,,True,,,,,,,,,,,,running,,,,,,,,,,,,,,,,,,,,km/h,0.0,m/s²,-0.12,m/s²,-0.12,,,,,,,,,,,
67f5479fc999b80007ec7cad,1C4RJJAG3R8627134,2025-04-13T03:17:33.981Z,2025-04-13T03:17:33.981Z,16.0,"{latitude=35.311702, longitude=-86.360099, altitude={value=253.100006, unit=m}}",,,,,,,"{oil=null, battery=null, runtime=null, coolant=null, contact=true, ignition=true, speed=null, status=running}",,,,,"{value=93.7, unit=km/h}",True,driving,"{value=-0.14, unit=m/s²}","{value=-0.08, unit=m/s²}",,,,,,,2025-04-13,m,253.100006,35.311702,-86.360099,,,,,,,,,,,,,,,,,,,,,,,,,,,,,,,,,True,,,,True,,,,,,,,,,,,running,,,,,,,,,,,,,,,,,,,,km/h,93.7,m/s²,-0.14,m/s²,-0.08,,,,,,,,,,,
67f54c8bb9be3a000714cb61,1C4SJVFP1RS158761,2025-04-12T01:04:37.492Z,2025-04-12T01:04:37.492Z,353.0,"{latitude=35.932857, longitude=-86.435682, altitude={value=161.100006, unit=m}}",,,,,,,"{oil=null, battery=null, runtime=null, coolant=null, contact=true, ignition=true, speed=null, status=running}",,,,,"{value=123.2, unit=km/h}",True,driving,"{value=-0.22, unit=m/s²}","{value=-0.1, unit=m/s²}",,,,,,,2025-04-12,m,161.100006,35.932857,-86.435682,,,,,,,,,,,,,,,,,,,,,,,,,,,,,,,,,True,,,,True,,,,,,,,,,,,running,,,,,,,,,,,,,,,,,,,,km/h,123.2,m/s²,-0.22,m/s²,-0.1,,,,,,,,,,,
67f54c8bb9be3a000714cb61,1C4SJVFP1RS158761,2025-04-12T16:29:04.537Z,2025-04-12T16:29:04.537Z,0.0,"{latitude=36.083439, longitude=-86.419891, altitude={value=180.399994, unit=m}}",,,,,,,"{oil=null, battery=null, runtime=null, coolant=null, contact=true, ignition=true, speed=null, status=running}",,,,,"{value=0.0, unit=km/h}",False,halted,"{value=0.04, unit=m/s²}","{value=-0.06, unit=m/s²}",,,,,,,2025-04-12,m,180.399994,36.083439,-86.419891,,,,,,,,,,,,,,,,,,,,,,,,,,,,,,,,,True,,,,True,,,,,,,,,,,,running,,,,,,,,,,,,,,,,,,,,km/h,0.0,m/s²,0.04,m/s²,-0.06,,,,,,,,,,,
67f54f4378c1360007393f44,3C6UR4HJ5RG285239,2025-04-12T14:06:11.239Z,2025-04-12T14:06:11.239Z,190.0,"{latitude=35.887859, longitude=-86.48172, altitude={value=183.0, unit=m}}",,,,"{residualautonomy=null, level=null, instantconsumption={value=139.97528, unit=L/100 km}, averageconsumption=null}",,,"{oil=null, battery=null, runtime=null, coolant=null, contact=true, ignition=true, speed=null, status=running}",,,,,"{value=83.1, unit=km/h}",True,driving,"{value=-1.14, unit=m/s²}","{value=2.2, unit=m/s²}",,,,,,,2025-04-12,m,183.0,35.887859,-86.48172,,,,,,,L/100 km,139.97528,,,,,,,,,,,,,,,,,,,,,,,,,True,,,,True,,,,,,,,,,,,running,,,,,,,,,,,,,,,,,,,,km/h,83.1,m/s²,-1.14,m/s²,2.2,,,,,,,,,,,
67f54c8bb9be3a000714cb61,1C4SJVFP1RS158761,2025-04-11T15:03:22.328Z,2025-04-11T15:03:22.328Z,85.0,"{latitude=35.823058, longitude=-86.394393, altitude={value=183.800003, unit=m}}",,,,,,,"{oil=null, battery=null, runtime=null, coolant=null, contact=true, ignition=true, speed=null, status=running}",,,,,"{value=0.0, unit=km/h}",False,halted,"{value=0.16, unit=m/s²}","{value=-0.28, unit=m/s²}",,,,,,,2025-04-11,m,183.800003,35.823058,-86.394393,,,,,,,,,,,,,,,,,,,,,,,,,,,,,,,,,True,,,,True,,,,,,,,,,,,running,,,,,,,,,,,,,,,,,,,,km/h,0.0,m/s²,0.16,m/s²,-0.28,,,,,,,,,,,
67f54c8bb9be3a000714cb61,1C4SJVFP1RS158761,2025-04-11T15:48:59.201Z,2025-04-11T15:48:59.201Z,85.0,"{latitude=35.823065, longitude=-86.394407, altitude={value=185.699997, unit=m}}",,,,,,,"{oil=null, battery=null, runtime=null, coolant=null, contact=true, ignition=true, speed=null, status=running}",,,,,"{value=0.0, unit=km/h}",False,halted,"{value=0.14, unit=m/s²}","{value=-0.32, unit=m/s²}",,,,,,,2025-04-11,m,185.699997,35.823065,-86.394407,,,,,,,,,,,,,,,,,,,,,,,,,,,,,,,,,True,,,,True,,,,,,,,,,,,running,,,,,,,,,,,,,,,,,,,,km/h,0.0,m/s²,0.14,m/s²,-0.32,,,,,,,,,,,
67f5479fc999b80007ec7cad,1C4RJJAG3R8627134,2025-04-13T03:26:21.817Z,2025-04-13T03:26:21.817Z,80.0,"{latitude=35.363588, longitude=-86.244505, altitude={value=334.5, unit=m}}",,,,,,,"{oil=null, battery=null, runtime=null, coolant=null, contact=true, ignition=true, speed=null, status=running}",,,,,"{value=80.8, unit=km/h}",True,driving,"{value=0.06, unit=m/s²}","{value=-0.14, unit=m/s²}",,,,,,,2025-04-13,m,334.5,35.363588,-86.244505,,,,,,,,,,,,,,,,,,,,,,,,,,,,,,,,,True,,,,True,,,,,,,,,,,,running,,,,,,,,,,,,,,,,,,,,km/h,80.8,m/s²,0.06,m/s²,-0.14,,,,,,,,,,,
67f549583d374400077de86c,3C4NJDCN3ST539719,2025-04-12T22:32:51.880Z,2025-04-12T22:32:51.880Z,98.0,"{latitude=35.8270941, longitude=-86.3937996, altitude={value=141.18899536132812, unit=m}}",,"{value=305.0, unit=km}",,"{residualautonomy={value=103, unit=km}, level=null, instantconsumption=null, averageconsumption=null}","{level=null, charging={mode=slow, remainingtime={value=0, unit=min}, status=disconnected, plugged=false}}",,"{oil={temperature={value=76, unit=°C}, pressure={value=0.0, unit=bar}, lifeleft=null}, battery={voltage=null, charging=false, capacity={percentage=55}}, runtime=null, coolant=null, contact=false, ignition=false, speed=null, status=off}","{front={left={value=10.0, unit=psi}, right={value=10.0, unit=psi}}, rear={left={value=10.0, unit=psi}, right={value=10.0, unit=psi}}}",,,,"{value=0.0, unit=km/h}",False,halted,,,,,,,,,2025-04-12,m,141.18899536132812,35.8270941,-86.3937996,km,305.0,,,,,,,,,,,,km,103.0,,slow,False,,min,0.0,disconnected,,,,,,55.0,False,,,,False,,,,False,,,,,bar,0.0,,°C,76.0,,,off,,psi,10.0,,psi,10.0,,,psi,10.0,psi,10.0,,,,,,,,km/h,0.0,,,,,,,,,,,,,,,
67f5392bfcccb900070f3079,1C6PJTAG7SL515529,2025-04-12T18:16:20.906Z,2025-04-12T18:16:20.906Z,,,,"{value=30.0, unit=km}",,"{residualautonomy={value=138, unit=km}, level={value=23.5, unit=L, percentage=28.0}, instantconsumption=null, averageconsumption={value=7.050000000000001, unit=L/100 km}}",,,"{oil={temperature={value=91, unit=°C}, pressure={value=2.08, unit=bar}, lifeleft={percentage=100}}, battery={voltage={value=14.700000000000001, unit=V}, charging=null, capacity={percentage=79}}, runtime=null, coolant={temperature={value=93, unit=°C}}, contact=true, ignition=true, speed=null, status=running}","{front={left={value=41.0, unit=psi}, right={value=42.0, unit=psi}}, rear={left={value=41.0, unit=psi}, right={value=41.0, unit=psi}}}",,,,,,,,,,,,,,,2025-04-12,,,,,km,30.0,,L/100 km,7.050000000000001,,,,,28.0,L,23.5,,km,138.0,,,,,,,,,,,,,79.0,,,V,14.7,True,,°C,93.0,True,,,100.0,,bar,2.08,,°C,91.0,,,running,,psi,41.0,,psi,42.0,,,psi,41.0,psi,41.0,,,,,,,,,,,,,,,,,,,,,,,,
67f540b86761a500078d7482,1C4RJYC69R8943148,2025-04-10T17:37:02.516Z,2025-04-10T17:37:02.516Z,95.0,"{latitude=35.822495, longitude=-86.394447, altitude={value=183.600006, unit=m}}",,"{value=224.0, unit=km}",,"{residualautonomy=null, level={value=33.12, unit=L, percentage=46.0}, instantconsumption={value=2.811336, unit=L/100 km}, averageconsumption=null}","{level={percentage=1.0}, charging={mode=slow, remainingtime={value=771, unit=min}, status=disconnected, plugged=false}}",,"{oil={temperature={value=57, unit=°C}, pressure={value=1.12, unit=bar}, lifeleft={percentage=0}}, battery={voltage={value=12.175, unit=V}, charging=false, capacity=null}, runtime=null, coolant={temperature={value=82, unit=°C}}, contact=false, ignition=false, speed=null, status=off}","{front={left={value=39.0, unit=psi}, right={value=41.0, unit=psi}}, rear={left={value=42.0, unit=psi}, right={value=46.0, unit=psi}}}",,,,"{value=0.0, unit=km/h}",False,halted,,,,,,,,,2025-04-10,m,183.600006,35.822495,-86.394447,km,224.0,,,,,L/100 km,2.811336,,46.0,L,33.12,,,,,slow,False,,min,771.0,disconnected,,1.0,,,,,False,,V,12.175,False,,°C,82.0,False,,,0.0,,bar,1.12,,°C,57.0,,,off,,psi,39.0,,psi,41.0,,,psi,42.0,psi,46.0,,,,,,,,km/h,0.0,,,,,,,,,,,,,,,
67f536f53c60230007fb1919,1C4RJHEGXS8686335,2025-04-08T20:23:31.294Z,2025-04-08T20:23:31.294Z,0.0,"{latitude=35.823099, longitude=-86.394564, altitude={value=186.100006, unit=m}}",,"{value=17.0, unit=km}",,"{residualautonomy=null, level={value=21.75, unit=L, percentage=25.0}, instantconsumption=null, averageconsumption=null}",,,"{oil=null, battery={voltage={value=12.275, unit=V}, charging=false, capacity=null}, runtime=null, coolant={temperature={value=-40, unit=°C}}, contact=false, ignition=false, speed=null, status=off}",,,,,"{value=0.0, unit=km/h}",False,halted,,,,,,,,,2025-04-08,m,186.100006,35.823099,-86.394564,km,17.0,,,,,,,,25.0,L,21.75,,,,,,,,,,,,,,,,,False,,V,12.275,False,,°C,-40.0,False,,,,,,,,,,,,off,,,,,,,,,,,,,,,,,,,,km/h,0.0,,,,,,,,,,,,,,,
67f54f0478c1360007393b0a,3C6UR4HJ3RG275650,2025-04-11T03:22:17.298Z,2025-04-11T03:22:17.298Z,137.0,"{latitude=35.869461, longitude=-86.459839, altitude={value=175.899994, unit=m}}",,,,,,,"{oil=null, battery=null, runtime=null, coolant=null, contact=true, ignition=true, speed=null, status=running}",,,,,"{value=123.9, unit=km/h}",True,driving,"{value=-0.04, unit=m/s²}","{value=0.34, unit=m/s²}",,,,,,,2025-04-11,m,175.899994,35.869461,-86.459839,,,,,,,,,,,,,,,,,,,,,,,,,,,,,,,,,True,,,,True,,,,,,,,,,,,running,,,,,,,,,,,,,,,,,,,,km/h,123.9,m/s²,-0.04,m/s²,0.34,,,,,,,,,,,
67f5479fc999b80007ec7cad,1C4RJJAG3R8627134,2025-04-13T02:43:59.884Z,2025-04-13T02:43:59.884Z,45.0,"{latitude=35.201992, longitude=-86.753313, altitude={value=208.0, unit=m}}",,,,,,,"{oil=null, battery=null, runtime=null, coolant=null, contact=true, ignition=true, speed=null, status=running}",,,,,"{value=121.4, unit=km/h}",True,driving,"{value=-0.28, unit=m/s²}","{value=0.2, unit=m/s²}",,,,,,,2025-04-13,m,208.0,35.201992,-86.753313,,,,,,,,,,,,,,,,,,,,,,,,,,,,,,,,,True,,,,True,,,,,,,,,,,,running,,,,,,,,,,,,,,,,,,,,km/h,121.4,m/s²,-0.28,m/s²,0.2,,,,,,,,,,,
67f54664b9be3a00071444fb,1C4RJKBG8S8646837,2025-04-09T16:27:00.390Z,2025-04-09T16:27:00.390Z,0.0,"{latitude=35.823014, longitude=-86.394605, altitude={value=169.199997, unit=m}}",,"{value=95.0, unit=km}",,"{residualautonomy=null, level={value=62.64, unit=L, percentage=72.0}, instantconsumption=null, averageconsumption=null}",,,"{oil=null, battery={voltage={value=11.875, unit=V}, charging=false, capacity=null}, runtime=null, coolant={temperature={value=-40, unit=°C}}, contact=false, ignition=false, speed=null, status=off}",,,,,"{value=0.0, unit=km/h}",False,halted,,,,,,,,,2025-04-09,m,169.199997,35.823014,-86.394605,km,95.0,,,,,,,,72.0,L,62.64,,,,,,,,,,,,,,,,,False,,V,11.875,False,,°C,-40.0,False,,,,,,,,,,,,off,,,,,,,,,,,,,,,,,,,,km/h,0.0,,,,,,,,,,,,,,,
67f54f4378c1360007393f44,3C6UR4HJ5RG285239,2025-04-12T14:06:20.239Z,2025-04-12T14:06:20.239Z,168.0,"{latitude=35.886028, longitude=-86.481224, altitude={value=176.600006, unit=m}}",,,,,,,"{oil=null, battery=null, runtime=null, coolant=null, contact=true, ignition=true, speed=null, status=running}",,,,,"{value=87.6, unit=km/h}",True,driving,"{value=-0.04, unit=m/s²}","{value=-1.92, unit=m/s²}",,,,,,,2025-04-12,m,176.600006,35.886028,-86.481224,,,,,,,,,,,,,,,,,,,,,,,,,,,,,,,,,True,,,,True,,,,,,,,,,,,running,,,,,,,,,,,,,,,,,,,,km/h,87.6,m/s²,-0.04,m/s²,-1.92,,,,,,,,,,,
67f54f0478c1360007393b0a,3C6UR4HJ3RG275650,2025-04-12T18:09:58.050Z,2025-04-12T18:09:58.050Z,180.0,"{latitude=35.912788, longitude=-86.383865, altitude={value=169.300003, unit=m}}",,,,,,,"{oil=null, battery=null, runtime=null, coolant=null, contact=true, ignition=true, speed=null, status=running}",,,,,"{value=44.0, unit=km/h}",True,driving,"{value=-0.84, unit=m/s²}","{value=-0.08, unit=m/s²}",,,,,,,2025-04-12,m,169.300003,35.912788,-86.383865,,,,,,,,,,,,,,,,,,,,,,,,,,,,,,,,,True,,,,True,,,,,,,,,,,,running,,,,,,,,,,,,,,,,,,,,km/h,44.0,m/s²,-0.84,m/s²,-0.08,,,,,,,,,,,
67f5479fc999b80007ec7cad,1C4RJJAG3R8627134,2025-04-11T22:06:30.687Z,2025-04-11T22:06:30.687Z,91.0,"{latitude=35.466587, longitude=-86.076598, altitude={value=325.600006, unit=m}}",,,,,,,"{oil=null, battery=null, runtime=null, coolant=null, contact=true, ignition=true, speed=null, status=running}",,,,,"{value=15.7, unit=km/h}",True,driving,"{value=-2.46, unit=m/s²}","{value=0.1, unit=m/s²}",,,,,,,2025-04-11,m,325.600006,35.466587,-86.076598,,,,,,,,,,,,,,,,,,,,,,,,,,,,,,,,,True,,,,True,,,,,,,,,,,,running,,,,,,,,,,,,,,,,,,,,km/h,15.7,m/s²,-2.46,m/s²,0.1,,,,,,,,,,,
67f549d64035d600076aa0b0,1C6SRFLP7SN639810,2025-04-11T21:31:56.817Z,2025-04-11T21:31:56.817Z,281.0,"{latitude=34.294923, longitude=-89.216156, altitude={value=132.600006, unit=m}}",,,,,,,"{oil=null, battery=null, runtime=null, coolant=null, contact=true, ignition=true, speed=null, status=running}",,,,,"{value=114.6, unit=km/h}",True,driving,"{value=-0.64, unit=m/s²}","{value=-0.16, unit=m/s²}",,,,,,,2025-04-11,m,132.600006,34.294923,-89.216156,,,,,,,,,,,,,,,,,,,,,,,,,,,,,,,,,True,,,,True,,,,,,,,,,,,running,,,,,,,,,,,,,,,,,,,,km/h,114.6,m/s²,-0.64,m/s²,-0.16,,,,,,,,,,,
67f54f0478c1360007393b0a,3C6UR4HJ3RG275650,2025-04-09T00:02:07.843Z,2025-04-09T00:02:07.843Z,139.0,"{latitude=35.92392, longitude=-86.386101, altitude={value=176.399994, unit=m}}",,,,"{residualautonomy=null, level=null, instantconsumption={value=97.72268, unit=L/100 km}, averageconsumption=null}",,,"{oil=null, battery=null, runtime=null, coolant=null, contact=true, ignition=true, speed=null, status=running}",,,,,"{value=1.7, unit=km/h}",True,driving,"{value=-0.5, unit=m/s²}","{value=-0.3, unit=m/s²}",,,,,,,2025-04-08,m,176.399994,35.92392,-86.386101,,,,,,,L/100 km,97.72268,,,,,,,,,,,,,,,,,,,,,,,,,True,,,,True,,,,,,,,,,,,running,,,,,,,,,,,,,,,,,,,,km/h,1.7,m/s²,-0.5,m/s²,-0.3,,,,,,,,,,,
67f55003c999b80007ed2589,1C4RJXP67RW220916,2025-04-08T16:49:57.925Z,2025-04-08T16:49:57.925Z,188.0,"{latitude=35.78796, longitude=-86.400391, altitude={value=194.399994, unit=m}}",,,,,,,"{oil=null, battery=null, runtime=null, coolant=null, contact=true, ignition=true, speed=null, status=running}",,,,,"{value=20.0, unit=km/h}",True,driving,"{value=-2.08, unit=m/s²}","{value=0.0, unit=m/s²}",,,,,,,2025-04-08,m,194.399994,35.78796,-86.400391,,,,,,,,,,,,,,,,,,,,,,,,,,,,,,,,,True,,,,True,,,,,,,,,,,,running,,,,,,,,,,,,,,,,,,,,km/h,20.0,m/s²,-2.08,m/s²,0.0,,,,,,,,,,,
67f549d64035d600076aa0b0,1C6SRFLP7SN639810,2025-04-09T12:46:50.443Z,2025-04-09T12:46:50.443Z,137.0,"{latitude=35.845605, longitude=-86.392133, altitude={value=189.5, unit=m}}",,,,,,,"{oil=null, battery=null, runtime=null, coolant=null, contact=true, ignition=true, speed=null, status=running}",,,,,"{value=0.0, unit=km/h}",False,halted,"{value=-0.12, unit=m/s²}","{value=0.16, unit=m/s²}",,,,,,,2025-04-09,m,189.5,35.845605,-86.392133,,,,,,,,,,,,,,,,,,,,,,,,,,,,,,,,,True,,,,True,,,,,,,,,,,,running,,,,,,,,,,,,,,,,,,,,km/h,0.0,m/s²,-0.12,m/s²,0.16,,,,,,,,,,,
67f549d64035d600076aa0b0,1C6SRFLP7SN639810,2025-04-11T17:31:43.303Z,2025-04-11T17:31:43.303Z,,,,"{value=4015.0, unit=km}",,"{residualautonomy={value=428, unit=km}, level={value=74.48, unit=L, percentage=76.0}, instantconsumption=null, averageconsumption={value=5.8, unit=L/100 km}}",,,"{oil={temperature={value=97, unit=°C}, pressure={value=2.04, unit=bar}, lifeleft={percentage=65}}, battery={voltage={value=13.8, unit=V}, charging=null, capacity={percentage=86}}, runtime=null, coolant={temperature={value=101, unit=°C}}, contact=true, ignition=true, speed=null, status=running}","{front={left={value=59.0, unit=psi}, right={value=59.0, unit=psi}}, rear={left={value=55.0, unit=psi}, right={value=55.0, unit=psi}}}",,,,,,,,,,,,,,,2025-04-11,,,,,km,4015.0,,L/100 km,5.8,,,,,76.0,L,74.48,,km,428.0,,,,,,,,,,,,,86.0,,,V,13.8,True,,°C,101.0,True,,,65.0,,bar,2.04,,°C,97.0,,,running,,psi,59.0,,psi,59.0,,,psi,55.0,psi,55.0,,,,,,,,,,,,,,,,,,,,,,,,
67f53831772b4b0007062e77,3C4RJNCK9ST573323,2025-04-08T21:04:03.213Z,2025-04-08T21:04:03.213Z,317.0,"{latitude=35.8176018, longitude=-86.3872772, altitude={value=155.5989990234375, unit=m}}",,,,,,,"{oil=null, battery=null, runtime=null, coolant=null, contact=true, ignition=true, speed=null, status=running}",,,,,"{value=78.0, unit=km/h}",True,driving,"{value=-0.66, unit=m/s²}","{value=-0.38, unit=m/s²}",,,,,,,2025-04-08,m,155.5989990234375,35.8176018,-86.3872772,,,,,,,,,,,,,,,,,,,,,,,,,,,,,,,,,True,,,,True,,,,,,,,,,,,running,,,,,,,,,,,,,,,,,,,,km/h,78.0,m/s²,-0.66,m/s²,-0.38,,,,,,,,,,,
67f53a67ee4a290007036f9b,1C4PJXEG7SW567932,2025-04-08T18:24:03.999Z,2025-04-08T18:24:03.999Z,,"{latitude=null, longitude=null, altitude={value=0.0, unit=m}}",,,,"{residualautonomy=null, level=null, instantconsumption={value=65.22068, unit=L/100 km}, averageconsumption=null}",,,"{oil=null, battery=null, runtime=null, coolant=null, contact=true, ignition=true, speed=null, status=running}",,,,,"{value=18.1, unit=km/h}",True,driving,"{value=-1.76, unit=m/s²}","{value=-1.84, unit=m/s²}",,,,,,,2025-04-08,m,0.0,,,,,,,,,L/100 km,65.22068,,,,,,,,,,,,,,,,,,,,,,,,,True,,,,True,,,,,,,,,,,,running,,,,,,,,,,,,,,,,,,,,km/h,18.1,m/s²,-1.76,m/s²,-1.84,,,,,,,,,,,
67f54f5878c1360007394035,2C3CDBCK1RR208714,2025-04-08T17:07:03.510Z,2025-04-08T17:07:03.510Z,,"{latitude=null, longitude=null, altitude={value=0.0, unit=m}}",,,,,,,"{oil=null, battery=null, runtime=null, coolant=null, contact=true, ignition=true, speed=null, status=running}",,,,,"{value=0.0, unit=km/h}",False,halted,"{value=0.02, unit=m/s²}","{value=-0.04, unit=m/s²}",{autoecall=false},,,,,,2025-04-08,m,0.0,,,,,,,,,,,,,,,,,,,,,,,,,,,,,,,,,,,True,,,,True,,,,,,,,,,,,running,,,,,,,,,,,,,,,,,,,,km/h,0.0,m/s²,0.02,m/s²,-0.04,False,,,,,,,,,,
67f54ec6b9be3a000714f090,3C6UR4HJ5RG275651,2025-04-09T21:13:31.597Z,2025-04-09T21:13:31.597Z,0.0,"{latitude=35.823139, longitude=-86.393852, altitude={value=182.399994, unit=m}}",,,,"{residualautonomy=null, level=null, instantconsumption={value=143.22548, unit=L/100 km}, averageconsumption=null}",,,"{oil=null, battery=null, runtime=null, coolant=null, contact=true, ignition=true, speed=null, status=running}",,,,,"{value=0.0, unit=km/h}",False,halted,"{value=-0.22, unit=m/s²}","{value=0.06, unit=m/s²}",,,,,,,2025-04-09,m,182.399994,35.823139,-86.393852,,,,,,,L/100 km,143.22548,,,,,,,,,,,,,,,,,,,,,,,,,True,,,,True,,,,,,,,,,,,running,,,,,,,,,,,,,,,,,,,,km/h,0.0,m/s²,-0.22,m/s²,0.06,,,,,,,,,,,
67f54c8bb9be3a000714cb61,1C4SJVFP1RS158761,2025-04-11T21:06:38.495Z,2025-04-11T21:06:38.495Z,107.0,"{latitude=35.823236, longitude=-86.394107, altitude={value=184.0, unit=m}}",,,,,,,"{oil=null, battery=null, runtime=null, coolant=null, contact=true, ignition=true, speed=null, status=running}",,,,,"{value=0.0, unit=km/h}",False,halted,"{value=-0.02, unit=m/s²}","{value=-0.12, unit=m/s²}",,,,,,,2025-04-11,m,184.0,35.823236,-86.394107,,,,,,,,,,,,,,,,,,,,,,,,,,,,,,,,,True,,,,True,,,,,,,,,,,,running,,,,,,,,,,,,,,,,,,,,km/h,0.0,m/s²,-0.02,m/s²,-0.12,,,,,,,,,,,
67f54ec6b9be3a000714f090,3C6UR4HJ5RG275651,2025-04-09T21:25:04.275Z,2025-04-09T21:25:04.275Z,0.0,"{latitude=35.822384, longitude=-86.394226, altitude={value=182.100006, unit=m}}",,"{value=51.0, unit=km}",,"{residualautonomy=null, level={value=6, unit=L, percentage=4.0}, instantconsumption=null, averageconsumption={value=4.0, unit=L/100 km}}",,,"{oil={temperature=null, pressure=null, lifeleft={percentage=99}}, battery={voltage={value=12.6, unit=V}, charging=false, capacity=null}, runtime=null, coolant=null, contact=false, ignition=false, speed=null, status=off}","{front={left={value=55.0, unit=psi}, right={value=59.0, unit=psi}}, rear={left={value=61.0, unit=psi}, right={value=59.0, unit=psi}}}",,,,"{value=0.0, unit=km/h}",False,halted,"{value=-0.14, unit=m/s²}","{value=-0.04, unit=m/s²}",,,,,,,2025-04-09,m,182.100006,35.822384,-86.394226,km,51.0,,L/100 km,4.0,,,,,4.0,L,6.0,,,,,,,,,,,,,,,,,False,,V,12.6,False,,,,False,,,99.0,,,,,,,,,off,,psi,55.0,,psi,59.0,,,psi,61.0,psi,59.0,,,,,,,,km/h,0.0,m/s²,-0.14,m/s²,-0.04,,,,,,,,,,,
67f54c8bb9be3a000714cb61,1C4SJVFP1RS158761,2025-04-12T18:43:25.618Z,2025-04-12T18:43:25.618Z,219.0,"{latitude=35.874653, longitude=-86.352893, altitude={value=176.300003, unit=m}}",,,,,,,"{oil=null, battery=null, runtime=null, coolant=null, contact=true, ignition=true, speed=null, status=running}",,,,,"{value=53.3, unit=km/h}",True,driving,"{value=-0.22, unit=m/s²}","{value=-0.06, unit=m/s²}",,,,,,,2025-04-12,m,176.300003,35.874653,-86.352893,,,,,,,,,,,,,,,,,,,,,,,,,,,,,,,,,True,,,,True,,,,,,,,,,,,running,,,,,,,,,,,,,,,,,,,,km/h,53.3,m/s²,-0.22,m/s²,-0.06,,,,,,,,,,,
67f54f4378c1360007393f44,3C6UR4HJ5RG285239,2025-04-10T22:38:55.130Z,2025-04-10T22:38:55.130Z,226.0,"{latitude=36.088482, longitude=-86.690254, altitude={value=146.800003, unit=m}}",,,,"{residualautonomy=null, level=null, instantconsumption={value=90.35556, unit=L/100 km}, averageconsumption=null}",,,"{oil=null, battery=null, runtime=null, coolant=null, contact=true, ignition=true, speed=null, status=running}",,,,,"{value=1.3, unit=km/h}",True,driving,"{value=0.2, unit=m/s²}","{value=0.14, unit=m/s²}",,,,,,,2025-04-10,m,146.800003,36.088482,-86.690254,,,,,,,L/100 km,90.35556,,,,,,,,,,,,,,,,,,,,,,,,,True,,,,True,,,,,,,,,,,,running,,,,,,,,,,,,,,,,,,,,km/h,1.3,m/s²,0.2,m/s²,0.14,,,,,,,,,,,
67f54c8bb9be3a000714cb61,1C4SJVFP1RS158761,2025-04-11T15:23:57.879Z,2025-04-11T15:23:57.879Z,85.0,"{latitude=35.823065, longitude=-86.394407, altitude={value=184.899994, unit=m}}",,,,,,,"{oil=null, battery=null, runtime=null, coolant=null, contact=true, ignition=true, speed=null, status=running}",,,,,"{value=0.0, unit=km/h}",False,halted,"{value=0.14, unit=m/s²}","{value=-0.34, unit=m/s²}",,,,,,,2025-04-11,m,184.899994,35.823065,-86.394407,,,,,,,,,,,,,,,,,,,,,,,,,,,,,,,,,True,,,,True,,,,,,,,,,,,running,,,,,,,,,,,,,,,,,,,,km/h,0.0,m/s²,0.14,m/s²,-0.34,,,,,,,,,,,
67f549d64035d600076aa0b0,1C6SRFLP7SN639810,2025-04-09T23:21:53.774Z,2025-04-09T23:21:53.774Z,346.0,"{latitude=35.854207, longitude=-86.430163, altitude={value=171.699997, unit=m}}",,,,,,,"{oil=null, battery=null, runtime=null, coolant=null, contact=true, ignition=true, speed=null, status=running}",,,,,"{value=0.0, unit=km/h}",False,halted,"{value=0.0, unit=m/s²}","{value=-0.36, unit=m/s²}",,,,,,,2025-04-09,m,171.699997,35.854207,-86.430163,,,,,,,,,,,,,,,,,,,,,,,,,,,,,,,,,True,,,,True,,,,,,,,,,,,running,,,,,,,,,,,,,,,,,,,,km/h,0.0,m/s²,0.0,m/s²,-0.36,,,,,,,,,,,
67f549d64035d600076aa0b0,1C6SRFLP7SN639810,2025-04-10T17:52:31.300Z,2025-04-10T17:52:31.300Z,273.0,"{latitude=35.077068, longitude=-89.985044, altitude={value=76.0, unit=m}}",,,,,,,"{oil=null, battery=null, runtime=null, coolant=null, contact=true, ignition=true, speed=null, status=running}",,,,,"{value=65.9, unit=km/h}",True,driving,"{value=-1.66, unit=m/s²}","{value=0.06, unit=m/s²}",,,,,,,2025-04-10,m,76.0,35.077068,-89.985044,,,,,,,,,,,,,,,,,,,,,,,,,,,,,,,,,True,,,,True,,,,,,,,,,,,running,,,,,,,,,,,,,,,,,,,,km/h,65.9,m/s²,-1.66,m/s²,0.06,,,,,,,,,,,
67f547dd44b27e0007ccec0c,ZACPDFCW3R3A08758,2025-04-09T14:15:58.307Z,2025-04-09T14:15:58.307Z,0.0,"{latitude=35.822987, longitude=-86.394737, altitude={value=181.100006, unit=m}}",,"{value=84.0, unit=km}",,"{residualautonomy=null, level={value=0, unit=L, percentage=0.0}, instantconsumption=null, averageconsumption=null}","{level={percentage=72.0}, charging={mode=slow, remainingtime={value=317, unit=min}, status=disconnected, plugged=false}}",,"{oil=null, battery={voltage={value=11.85, unit=V}, charging=null, capacity=null}, runtime=null, coolant=null, contact=false, ignition=false, speed=null, status=off}","{front={left={value=27.0, unit=psi}, right={value=29.0, unit=psi}}, rear={left={value=27.0, unit=psi}, right={value=29.0, unit=psi}}}",,,,"{value=0.0, unit=km/h}",False,halted,"{value=0.0, unit=m/s²}","{value=0.0, unit=m/s²}",,,,,,"{odometer={value=9032, unit=km}, date={value=2026-04-09}}",2025-04-09,m,181.100006,35.822987,-86.394737,km,84.0,,,,,,,,0.0,L,0.0,,,,,slow,False,,min,317.0,disconnected,,72.0,,,,,,,V,11.85,False,,,,False,,,,,,,,,,,,off,,psi,27.0,,psi,29.0,,,psi,27.0,psi,29.0,,,,,,,,km/h,0.0,m/s²,0.0,m/s²,0.0,,,,,,,,,2026-04-09,km,9032.0
67f536378d8eed0007578d1f,1C4PJXEG7SW562990,2025-04-08T17:15:10.606Z,2025-04-08T17:15:10.606Z,0.0,"{latitude=35.8230113, longitude=-86.3931743, altitude={value=154.29600524902344, unit=m}}",,,,,,,"{oil=null, battery=null, runtime=null, coolant=null, contact=true, ignition=true, speed=null, status=running}",,,,,"{value=0.0, unit=km/h}",False,halted,"{value=-0.16, unit=m/s²}","{value=0.16, unit=m/s²}",,,,,,,2025-04-08,m,154.29600524902344,35.8230113,-86.3931743,,,,,,,,,,,,,,,,,,,,,,,,,,,,,,,,,True,,,,True,,,,,,,,,,,,running,,,,,,,,,,,,,,,,,,,,km/h,0.0,m/s²,-0.16,m/s²,0.16,,,,,,,,,,,
67f54e084035d600076af97a,1C4SJSBP1RS158800,2025-04-11T20:51:44.592Z,2025-04-11T20:51:44.592Z,94.0,"{latitude=35.826992, longitude=-86.393813, altitude={value=181.100006, unit=m}}",,"{value=28.0, unit=km}",,"{residualautonomy={value=87, unit=km}, level={value=21.85, unit=L, percentage=19.0}, instantconsumption=null, averageconsumption={value=4.0, unit=L/100 km}}",,,"{oil={temperature={value=74, unit=°C}, pressure={value=0.0, unit=bar}, lifeleft={percentage=100}}, battery={voltage={value=12.3, unit=V}, charging=false, capacity=null}, runtime=null, coolant={temperature={value=81, unit=°C}}, contact=false, ignition=false, speed=null, status=off}","{front={left={value=40.0, unit=psi}, right={value=40.0, unit=psi}}, rear={left={value=40.0, unit=psi}, right={value=40.0, unit=psi}}}",,,,"{value=0.0, unit=km/h}",False,halted,,,,,,,,,2025-04-11,m,181.100006,35.826992,-86.393813,km,28.0,,L/100 km,4.0,,,,,19.0,L,21.85,,km,87.0,,,,,,,,,,,,,,False,,V,12.3,False,,°C,81.0,False,,,100.0,,bar,0.0,,°C,74.0,,,off,,psi,40.0,,psi,40.0,,,psi,40.0,psi,40.0,,,,,,,,km/h,0.0,,,,,,,,,,,,,,,
67f54e084035d600076af97a,1C4SJSBP1RS158800,2025-04-12T17:05:10.561Z,2025-04-12T17:05:10.561Z,256.0,"{latitude=35.505468, longitude=-88.338757, altitude={value=163.300003, unit=m}}",,,,,,,"{oil=null, battery=null, runtime=null, coolant=null, contact=true, ignition=true, speed=null, status=running}",,,,,"{value=91.0, unit=km/h}",True,driving,"{value=0.58, unit=m/s²}","{value=0.2, unit=m/s²}",,,,,,,2025-04-12,m,163.300003,35.505468,-88.338757,,,,,,,,,,,,,,,,,,,,,,,,,,,,,,,,,True,,,,True,,,,,,,,,,,,running,,,,,,,,,,,,,,,,,,,,km/h,91.0,m/s²,0.58,m/s²,0.2,,,,,,,,,,,
67f5427548dbd5000707072d,1C4RJHAG7SC288583,2025-04-10T19:45:48.977Z,2025-04-10T19:45:48.977Z,0.0,"{latitude=35.775964, longitude=-86.325716, altitude={value=206.5, unit=m}}",,,,,,,"{oil=null, battery=null, runtime=null, coolant=null, contact=true, ignition=true, speed=null, status=running}",,,,,"{value=0.0, unit=km/h}",False,halted,"{value=-0.04, unit=m/s²}","{value=-0.04, unit=m/s²}",,,,,,,2025-04-10,m,206.5,35.775964,-86.325716,,,,,,,,,,,,,,,,,,,,,,,,,,,,,,,,,True,,,,True,,,,,,,,,,,,running,,,,,,,,,,,,,,,,,,,,km/h,0.0,m/s²,-0.04,m/s²,-0.04,,,,,,,,,,,
67f54c8bb9be3a000714cb61,1C4SJVFP1RS158761,2025-04-12T22:35:44.686Z,2025-04-12T22:35:44.686Z,6.0,"{latitude=35.849317, longitude=-86.383076, altitude={value=186.199997, unit=m}}",,,,,,,"{oil=null, battery=null, runtime=null, coolant=null, contact=true, ignition=true, speed=null, status=running}",,,,,"{value=54.8, unit=km/h}",True,driving,"{value=0.14, unit=m/s²}","{value=0.0, unit=m/s²}",,,,,,,2025-04-12,m,186.199997,35.849317,-86.383076,,,,,,,,,,,,,,,,,,,,,,,,,,,,,,,,,True,,,,True,,,,,,,,,,,,running,,,,,,,,,,,,,,,,,,,,km/h,54.8,m/s²,0.14,m/s²,0.0,,,,,,,,,,,
67f54f4378c1360007393f44,3C6UR4HJ5RG285239,2025-04-10T23:06:43.968Z,2025-04-10T23:06:43.968Z,141.0,"{latitude=35.980751, longitude=-86.576675, altitude={value=211.300003, unit=m}}",,,,,,,"{oil=null, battery=null, runtime=null, coolant=null, contact=true, ignition=true, speed=null, status=running}",,,,,"{value=108.3, unit=km/h}",True,driving,"{value=-0.36, unit=m/s²}","{value=0.0, unit=m/s²}",,,,,,,2025-04-10,m,211.300003,35.980751,-86.576675,,,,,,,,,,,,,,,,,,,,,,,,,,,,,,,,,True,,,,True,,,,,,,,,,,,running,,,,,,,,,,,,,,,,,,,,km/h,108.3,m/s²,-0.36,m/s²,0.0,,,,,,,,,,,
67f53e0448dbd5000706b059,2C3CDBDK5RR208567,2025-04-08T15:57:44.816Z,2025-04-08T15:57:44.816Z,,"{latitude=null, longitude=null, altitude={value=0.0, unit=m}}",,,,,,,"{oil=null, battery=null, runtime=null, coolant=null, contact=true, ignition=true, speed=null, status=running}",,,,,"{value=0.0, unit=km/h}",False,halted,"{value=-0.02, unit=m/s²}","{value=-0.38, unit=m/s²}",,,,,,,2025-04-08,m,0.0,,,,,,,,,,,,,,,,,,,,,,,,,,,,,,,,,,,True,,,,True,,,,,,,,,,,,running,,,,,,,,,,,,,,,,,,,,km/h,0.0,m/s²,-0.02,m/s²,-0.38,,,,,,,,,,,
67f53675ac229c00073eed7b,1C6SRFLP8SN706298,2025-04-08T23:10:25.258Z,2025-04-08T23:10:25.258Z,2.0,"{latitude=35.822904, longitude=-86.394462, altitude={value=184.899994, unit=m}}",,,,,,,"{oil=null, battery=null, runtime=null, coolant=null, contact=true, ignition=true, speed=null, status=running}",,,,,"{value=3.4, unit=km/h}",True,driving,"{value=0.14, unit=m/s²}","{value=-0.06, unit=m/s²}",,,,,,,2025-04-08,m,184.899994,35.822904,-86.394462,,,,,,,,,,,,,,,,,,,,,,,,,,,,,,,,,True,,,,True,,,,,,,,,,,,running,,,,,,,,,,,,,,,,,,,,km/h,3.4,m/s²,0.14,m/s²,-0.06,,,,,,,,,,,
67f5407b8e9c440007b9f02a,1C4RJYB69RC114529,2025-04-09T18:05:05.222Z,2025-04-09T18:05:05.222Z,100.0,"{latitude=35.822904, longitude=-86.394585, altitude={value=182.600006, unit=m}}",,"{value=175.0, unit=km}",,"{residualautonomy=null, level={value=59.76, unit=L, percentage=83.0}, instantconsumption={value=61.995205, unit=L/100 km}, averageconsumption=null}","{level={percentage=7.0}, charging={mode=slow, remainingtime={value=737, unit=min}, status=disconnected, plugged=false}}",,"{oil={temperature={value=89, unit=°C}, pressure={value=0.88, unit=bar}, lifeleft={percentage=0}}, battery={voltage={value=11.85, unit=V}, charging=false, capacity=null}, runtime=null, coolant={temperature={value=92, unit=°C}}, contact=false, ignition=false, speed=null, status=off}","{front={left={value=42.0, unit=psi}, right={value=42.0, unit=psi}}, rear={left={value=42.0, unit=psi}, right={value=42.0, unit=psi}}}",,,,"{value=0.0, unit=km/h}",False,halted,,,,,,,,,2025-04-09,m,182.600006,35.822904,-86.394585,km,175.0,,,,,L/100 km,61.995205,,83.0,L,59.76,,,,,slow,False,,min,737.0,disconnected,,7.0,,,,,False,,V,11.85,False,,°C,92.0,False,,,0.0,,bar,0.88,,°C,89.0,,,off,,psi,42.0,,psi,42.0,,,psi,42.0,psi,42.0,,,,,,,,km/h,0.0,,,,,,,,,,,,,,,
67f53a67ee4a290007036f9b,1C4PJXEG7SW567932,2025-04-08T18:30:33.698Z,2025-04-08T18:30:33.698Z,,"{latitude=null, longitude=null, altitude={value=0.0, unit=m}}",,,,"{residualautonomy=null, level=null, instantconsumption={value=59.37032000000001, unit=L/100 km}, averageconsumption=null}",,,"{oil=null, battery=null, runtime=null, coolant=null, contact=true, ignition=true, speed=null, status=running}",,,,,"{value=8.0, unit=km/h}",True,driving,"{value=0.0, unit=m/s²}","{value=-0.16, unit=m/s²}",,,,,,,2025-04-08,m,0.0,,,,,,,,,L/100 km,59.37032000000001,,,,,,,,,,,,,,,,,,,,,,,,,True,,,,True,,,,,,,,,,,,running,,,,,,,,,,,,,,,,,,,,km/h,8.0,m/s²,0.0,m/s²,-0.16,,,,,,,,,,,
67f53d83d0682900076d2404,1C6SRFFP6SN656304,2025-04-09T21:04:20.377Z,2025-04-09T21:04:20.377Z,58.0,"{latitude=35.822433, longitude=-86.39315, altitude={value=183.100006, unit=m}}",,,,,,,"{oil=null, battery=null, runtime=null, coolant=null, contact=true, ignition=true, speed=null, status=running}",,,,,"{value=0.0, unit=km/h}",False,halted,"{value=-0.04, unit=m/s²}","{value=-0.14, unit=m/s²}",,,,,,,2025-04-09,m,183.100006,35.822433,-86.39315,,,,,,,,,,,,,,,,,,,,,,,,,,,,,,,,,True,,,,True,,,,,,,,,,,,running,,,,,,,,,,,,,,,,,,,,km/h,0.0,m/s²,-0.04,m/s²,-0.14,,,,,,,,,,,
67f53d83d0682900076d2404,1C6SRFFP6SN656304,2025-04-09T19:48:48.594Z,2025-04-09T19:48:48.594Z,58.0,"{latitude=35.822443, longitude=-86.39315, altitude={value=183.300003, unit=m}}",,,,,,,"{oil=null, battery=null, runtime=null, coolant=null, contact=true, ignition=true, speed=null, status=running}",,,,,"{value=0.0, unit=km/h}",False,halted,"{value=-0.04, unit=m/s²}","{value=-0.14, unit=m/s²}",,,,,,,2025-04-09,m,183.300003,35.822443,-86.39315,,,,,,,,,,,,,,,,,,,,,,,,,,,,,,,,,True,,,,True,,,,,,,,,,,,running,,,,,,,,,,,,,,,,,,,,km/h,0.0,m/s²,-0.04,m/s²,-0.14,,,,,,,,,,,
67f54c8bb9be3a000714cb61,1C4SJVFP1RS158761,2025-04-12T15:51:03.872Z,2025-04-12T15:51:03.872Z,0.0,"{latitude=36.085112, longitude=-86.42058, altitude={value=173.399994, unit=m}}",,,,,,,"{oil=null, battery=null, runtime=null, coolant=null, contact=true, ignition=true, speed=null, status=running}",,,,,"{value=0.0, unit=km/h}",False,halted,"{value=0.26, unit=m/s²}","{value=-0.02, unit=m/s²}",,,,,,,2025-04-12,m,173.399994,36.085112,-86.42058,,,,,,,,,,,,,,,,,,,,,,,,,,,,,,,,,True,,,,True,,,,,,,,,,,,running,,,,,,,,,,,,,,,,,,,,km/h,0.0,m/s²,0.26,m/s²,-0.02,,,,,,,,,,,
67f549d64035d600076aa0b0,1C6SRFLP7SN639810,2025-04-12T14:28:14.226Z,2025-04-12T14:28:14.226Z,265.0,"{latitude=34.361551, longitude=-89.564148, altitude={value=107.0, unit=m}}",,,,,,,"{oil=null, battery=null, runtime=null, coolant=null, contact=true, ignition=true, speed=null, status=running}",,,,,"{value=0.0, unit=km/h}",False,halted,"{value=0.0, unit=m/s²}","{value=-0.04, unit=m/s²}",,,,,,,2025-04-12,m,107.0,34.361551,-89.564148,,,,,,,,,,,,,,,,,,,,,,,,,,,,,,,,,True,,,,True,,,,,,,,,,,,running,,,,,,,,,,,,,,,,,,,,km/h,0.0,m/s²,0.0,m/s²,-0.04,,,,,,,,,,,
67f54a8f78c136000738e283,1C4PJXDG3RW253156,2025-04-11T20:19:57.707Z,2025-04-11T20:19:57.707Z,96.0,"{latitude=35.82745, longitude=-86.393311, altitude={value=182.800003, unit=m}}",,,,,,,"{oil=null, battery=null, runtime=null, coolant=null, contact=true, ignition=true, speed=null, status=running}",,,,,"{value=41.7, unit=km/h}",True,driving,"{value=0.32, unit=m/s²}","{value=0.16, unit=m/s²}",,,,,,,2025-04-11,m,182.800003,35.82745,-86.393311,,,,,,,,,,,,,,,,,,,,,,,,,,,,,,,,,True,,,,True,,,,,,,,,,,,running,,,,,,,,,,,,,,,,,,,,km/h,41.7,m/s²,0.32,m/s²,0.16,,,,,,,,,,,
67f549d64035d600076aa0b0,1C6SRFLP7SN639810,2025-04-11T19:00:33.392Z,2025-04-11T19:00:33.392Z,96.0,"{latitude=34.35424, longitude=-89.528398, altitude={value=123.900002, unit=m}}",,,,,,,"{oil=null, battery=null, runtime=null, coolant=null, contact=true, ignition=true, speed=null, status=running}",,,,,"{value=88.5, unit=km/h}",True,driving,"{value=1.08, unit=m/s²}","{value=-0.26, unit=m/s²}",,,,,,,2025-04-11,m,123.900002,34.35424,-89.528398,,,,,,,,,,,,,,,,,,,,,,,,,,,,,,,,,True,,,,True,,,,,,,,,,,,running,,,,,,,,,,,,,,,,,,,,km/h,88.5,m/s²,1.08,m/s²,-0.26,,,,,,,,,,,
67f549d64035d600076aa0b0,1C6SRFLP7SN639810,2025-04-10T16:26:55.919Z,2025-04-10T16:26:55.919Z,139.0,"{latitude=35.673818, longitude=-88.781599, altitude={value=140.399994, unit=m}}",,,,,,,"{oil=null, battery=null, runtime=null, coolant=null, contact=true, ignition=true, speed=null, status=running}",,,,,"{value=0.0, unit=km/h}",False,halted,"{value=-0.32, unit=m/s²}","{value=0.06, unit=m/s²}",,,,,,,2025-04-10,m,140.399994,35.673818,-88.781599,,,,,,,,,,,,,,,,,,,,,,,,,,,,,,,,,True,,,,True,,,,,,,,,,,,running,,,,,,,,,,,,,,,,,,,,km/h,0.0,m/s²,-0.32,m/s²,0.06,,,,,,,,,,,
67f54f833d374400077e6487,3C6UR4HJ1RG285240,2025-04-10T14:15:26.446Z,2025-04-10T14:15:26.446Z,78.0,"{latitude=35.86195, longitude=-86.557526, altitude={value=195.5, unit=m}}",,,,,,,"{oil=null, battery=null, runtime=null, coolant=null, contact=true, ignition=true, speed=null, status=running}",,,,,"{value=129.4, unit=km/h}",True,driving,"{value=-0.16, unit=m/s²}","{value=0.12, unit=m/s²}",,,,,,,2025-04-10,m,195.5,35.86195,-86.557526,,,,,,,,,,,,,,,,,,,,,,,,,,,,,,,,,True,,,,True,,,,,,,,,,,,running,,,,,,,,,,,,,,,,,,,,km/h,129.4,m/s²,-0.16,m/s²,0.12,,,,,,,,,,,
67f54f833d374400077e6487,3C6UR4HJ1RG285240,2025-04-12T18:17:37.954Z,2025-04-12T18:17:37.954Z,0.0,"{latitude=35.857796, longitude=-86.431007, altitude={value=170.899994, unit=m}}",,,,"{residualautonomy=null, level=null, instantconsumption={value=61.53712, unit=L/100 km}, averageconsumption=null}",,,"{oil=null, battery=null, runtime=null, coolant=null, contact=true, ignition=true, speed=null, status=running}",,,,,"{value=0.0, unit=km/h}",False,halted,"{value=-0.14, unit=m/s²}","{value=-0.06, unit=m/s²}",,,,,,,2025-04-12,m,170.899994,35.857796,-86.431007,,,,,,,L/100 km,61.53712,,,,,,,,,,,,,,,,,,,,,,,,,True,,,,True,,,,,,,,,,,,running,,,,,,,,,,,,,,,,,,,,km/h,0.0,m/s²,-0.14,m/s²,-0.06,,,,,,,,,,,
67f54fc5d40e19000761c780,1C4SJUAP1RS153657,2025-04-09T22:28:48.514Z,2025-04-09T22:28:48.514Z,0.0,"{latitude=35.823157, longitude=-86.393219, altitude={value=171.0, unit=m}}",,"{value=985.0, unit=km}",,"{residualautonomy={value=254, unit=km}, level={value=42, unit=L, percentage=42.0}, instantconsumption=null, averageconsumption={value=6.1, unit=L/100 km}}",,,"{oil={temperature={value=20, unit=°C}, pressure={value=0.0, unit=bar}, lifeleft={percentage=91}}, battery={voltage={value=11.25, unit=V}, charging=false, capacity=null}, runtime=null, coolant={temperature={value=20, unit=°C}}, contact=false, ignition=false, speed=null, status=off}",,,,,"{value=0.0, unit=km/h}",False,halted,,,,,,,,,2025-04-09,m,171.0,35.823157,-86.393219,km,985.0,,L/100 km,6.1,,,,,42.0,L,42.0,,km,254.0,,,,,,,,,,,,,,False,,V,11.25,False,,°C,20.0,False,,,91.0,,bar,0.0,,°C,20.0,,,off,,,,,,,,,,,,,,,,,,,,km/h,0.0,,,,,,,,,,,,,,,
67f54e084035d600076af97a,1C4SJSBP1RS158800,2025-04-12T01:46:53.197Z,2025-04-12T01:46:53.197Z,0.0,"{latitude=35.822939, longitude=-86.394387, altitude={value=184.399994, unit=m}}",,"{value=29.0, unit=km}",,"{residualautonomy={value=456, unit=km}, level={value=115, unit=L, percentage=100.0}, instantconsumption=null, averageconsumption={value=3.95, unit=L/100 km}}",,,"{oil={temperature={value=31, unit=°C}, pressure={value=0.0, unit=bar}, lifeleft={percentage=100}}, battery={voltage={value=11.725, unit=V}, charging=false, capacity=null}, runtime=null, coolant={temperature={value=32, unit=°C}}, contact=false, ignition=false, speed=null, status=off}",,,,,"{value=0.0, unit=km/h}",False,halted,,,,,,,,,2025-04-12,m,184.399994,35.822939,-86.394387,km,29.0,,L/100 km,3.95,,,,,100.0,L,115.0,,km,456.0,,,,,,,,,,,,,,False,,V,11.725,False,,°C,32.0,False,,,100.0,,bar,0.0,,°C,31.0,,,off,,,,,,,,,,,,,,,,,,,,km/h,0.0,,,,,,,,,,,,,,,
67f53d83d0682900076d2404,1C6SRFFP6SN656304,2025-04-11T15:45:38.307Z,2025-04-11T15:45:38.307Z,186.0,"{latitude=35.822355, longitude=-86.393881, altitude={value=183.800003, unit=m}}",,"{value=165.0, unit=km}",,"{residualautonomy={value=93, unit=km}, level={value=17.5, unit=L, percentage=14.0}, instantconsumption=null, averageconsumption={value=5.3, unit=L/100 km}}",,,"{oil={temperature={value=27, unit=°C}, pressure={value=0.0, unit=bar}, lifeleft={percentage=100}}, battery={voltage={value=12.4, unit=V}, charging=false, capacity=null}, runtime=null, coolant={temperature={value=35, unit=°C}}, contact=false, ignition=false, speed=null, status=off}",,,,,"{value=0.0, unit=km/h}",False,halted,,,,,,,,,2025-04-11,m,183.800003,35.822355,-86.393881,km,165.0,,L/100 km,5.3,,,,,14.0,L,17.5,,km,93.0,,,,,,,,,,,,,,False,,V,12.4,False,,°C,35.0,False,,,100.0,,bar,0.0,,°C,27.0,,,off,,,,,,,,,,,,,,,,,,,,km/h,0.0,,,,,,,,,,,,,,,
67f5479fc999b80007ec7cad,1C4RJJAG3R8627134,2025-04-11T00:47:16.503Z,2025-04-11T00:47:16.503Z,336.0,"{latitude=35.482095, longitude=-86.08877, altitude={value=315.600006, unit=m}}",,,,,,,"{oil=null, battery=null, runtime=null, coolant=null, contact=true, ignition=true, speed=null, status=running}",,,,,"{value=3.2, unit=km/h}",True,driving,"{value=0.16, unit=m/s²}","{value=0.16, unit=m/s²}",,,,,,,2025-04-11,m,315.600006,35.482095,-86.08877,,,,,,,,,,,,,,,,,,,,,,,,,,,,,,,,,True,,,,True,,,,,,,,,,,,running,,,,,,,,,,,,,,,,,,,,km/h,3.2,m/s²,0.16,m/s²,0.16,,,,,,,,,,,
67f54f0478c1360007393b0a,3C6UR4HJ3RG275650,2025-04-08T22:08:09.453Z,2025-04-08T22:08:09.453Z,23.0,"{latitude=35.912807, longitude=-86.441231, altitude={value=168.800003, unit=m}}",,,,,,,"{oil=null, battery=null, runtime=null, coolant=null, contact=true, ignition=true, speed=null, status=running}",,,,,"{value=118.3, unit=km/h}",True,driving,"{value=0.22, unit=m/s²}","{value=-0.06, unit=m/s²}",,,,,,,2025-04-08,m,168.800003,35.912807,-86.441231,,,,,,,,,,,,,,,,,,,,,,,,,,,,,,,,,True,,,,True,,,,,,,,,,,,running,,,,,,,,,,,,,,,,,,,,km/h,118.3,m/s²,0.22,m/s²,-0.06,,,,,,,,,,,
67f549d64035d600076aa0b0,1C6SRFLP7SN639810,2025-04-09T19:31:56.498Z,2025-04-09T19:31:56.498Z,9.0,"{latitude=35.820111, longitude=-86.395821, altitude={value=186.800003, unit=m}}",,,,,,,"{oil=null, battery=null, runtime=null, coolant=null, contact=true, ignition=true, speed=null, status=running}",,,,,"{value=5.4, unit=km/h}",True,driving,"{value=0.54, unit=m/s²}","{value=0.62, unit=m/s²}",,,,,,,2025-04-09,m,186.800003,35.820111,-86.395821,,,,,,,,,,,,,,,,,,,,,,,,,,,,,,,,,True,,,,True,,,,,,,,,,,,running,,,,,,,,,,,,,,,,,,,,km/h,5.4,m/s²,0.54,m/s²,0.62,,,,,,,,,,,
67f549d64035d600076aa0b0,1C6SRFLP7SN639810,2025-04-12T20:03:01.354Z,2025-04-12T20:03:01.354Z,188.0,"{latitude=34.364225, longitude=-89.519212, altitude={value=149.199997, unit=m}}",,,,,,,"{oil=null, battery=null, runtime=null, coolant=null, contact=true, ignition=true, speed=null, status=running}",,,,,"{value=0.0, unit=km/h}",False,halted,"{value=0.1, unit=m/s²}","{value=-0.12, unit=m/s²}",,,,,,,2025-04-12,m,149.199997,34.364225,-89.519212,,,,,,,,,,,,,,,,,,,,,,,,,,,,,,,,,True,,,,True,,,,,,,,,,,,running,,,,,,,,,,,,,,,,,,,,km/h,0.0,m/s²,0.1,m/s²,-0.12,,,,,,,,,,,
67f54e084035d600076af97a,1C4SJSBP1RS158800,2025-04-13T00:36:46.051Z,2025-04-13T00:36:46.051Z,139.0,"{latitude=35.478451, longitude=-88.27273, altitude={value=136.699997, unit=m}}",,,,"{residualautonomy=null, level=null, instantconsumption={value=35.325048, unit=L/100 km}, averageconsumption=null}",,,"{oil=null, battery=null, runtime=null, coolant=null, contact=true, ignition=true, speed=null, status=running}",,,,,"{value=0.0, unit=km/h}",False,halted,"{value=-0.04, unit=m/s²}","{value=-0.1, unit=m/s²}",,,,,,,2025-04-13,m,136.699997,35.478451,-88.27273,,,,,,,L/100 km,35.325048,,,,,,,,,,,,,,,,,,,,,,,,,True,,,,True,,,,,,,,,,,,running,,,,,,,,,,,,,,,,,,,,km/h,0.0,m/s²,-0.04,m/s²,-0.1,,,,,,,,,,,
67f549d64035d600076aa0b0,1C6SRFLP7SN639810,2025-04-10T20:47:22.260Z,2025-04-10T20:47:22.260Z,82.0,"{latitude=34.310636, longitude=-89.877701, altitude={value=86.300003, unit=m}}",,,,,,,"{oil=null, battery=null, runtime=null, coolant=null, contact=true, ignition=true, speed=null, status=running}",,,,,"{value=115.3, unit=km/h}",True,driving,"{value=0.18, unit=m/s²}","{value=-0.46, unit=m/s²}",,,,,,,2025-04-10,m,86.300003,34.310636,-89.877701,,,,,,,,,,,,,,,,,,,,,,,,,,,,,,,,,True,,,,True,,,,,,,,,,,,running,,,,,,,,,,,,,,,,,,,,km/h,115.3,m/s²,0.18,m/s²,-0.46,,,,,,,,,,,
67f53831772b4b0007062e77,3C4RJNCK9ST573323,2025-04-12T20:18:09.718Z,2025-04-12T20:18:09.718Z,184.0,"{latitude=35.8224795, longitude=-86.39404359999999, altitude={value=150.42100524902344, unit=m}}",,"{value=18.0, unit=km}",,"{residualautonomy=null, level={value=0, unit=L, percentage=null}, instantconsumption=null, averageconsumption=null}","{level=null, charging={mode=slow, remainingtime={value=4043, unit=min}, status=disconnected, plugged=false}}",,"{oil={temperature={value=-40, unit=°C}, pressure={value=0.0, unit=bar}, lifeleft=null}, battery={voltage=null, charging=false, capacity={percentage=75}}, runtime=null, coolant=null, contact=false, ignition=false, speed=null, status=off}",,,,,"{value=0.0, unit=km/h}",False,halted,,,,,,,,,2025-04-12,m,150.42100524902344,35.8224795,-86.39404359999999,km,18.0,,,,,,,,,L,0.0,,,,,slow,False,,min,4043.0,disconnected,,,,,,75.0,False,,,,False,,,,False,,,,,bar,0.0,,°C,-40.0,,,off,,,,,,,,,,,,,,,,,,,,km/h,0.0,,,,,,,,,,,,,,,
67f54f4378c1360007393f44,3C6UR4HJ5RG285239,2025-04-11T21:00:52.203Z,2025-04-11T21:00:52.203Z,25.0,"{latitude=35.94537, longitude=-86.523499, altitude={value=169.199997, unit=m}}",,,,,,,"{oil=null, battery=null, runtime=null, coolant=null, contact=true, ignition=true, speed=null, status=running}",,,,,"{value=87.7, unit=km/h}",True,driving,"{value=0.08, unit=m/s²}","{value=0.12, unit=m/s²}",,,,,,,2025-04-11,m,169.199997,35.94537,-86.523499,,,,,,,,,,,,,,,,,,,,,,,,,,,,,,,,,True,,,,True,,,,,,,,,,,,running,,,,,,,,,,,,,,,,,,,,km/h,87.7,m/s²,0.08,m/s²,0.12,,,,,,,,,,,
67f54e084035d600076af97a,1C4SJSBP1RS158800,2025-04-12T22:15:44.358Z,2025-04-12T22:15:44.358Z,51.0,"{latitude=35.478444, longitude=-88.272641, altitude={value=145.800003, unit=m}}",,"{value=350.0, unit=km}",,"{residualautonomy={value=452, unit=km}, level={value=79.35, unit=L, percentage=69.0}, instantconsumption=null, averageconsumption={value=7.05, unit=L/100 km}}",,,"{oil={temperature={value=96, unit=°C}, pressure={value=0.0, unit=bar}, lifeleft={percentage=100}}, battery={voltage={value=12.85, unit=V}, charging=false, capacity=null}, runtime=null, coolant={temperature={value=96, unit=°C}}, contact=false, ignition=false, speed=null, status=off}","{front={left={value=42.0, unit=psi}, right={value=44.0, unit=psi}}, rear={left={value=44.0, unit=psi}, right={value=44.0, unit=psi}}}",,,,"{value=0.0, unit=km/h}",False,halted,,,,,,,,,2025-04-12,m,145.800003,35.478444,-88.272641,km,350.0,,L/100 km,7.05,,,,,69.0,L,79.35,,km,452.0,,,,,,,,,,,,,,False,,V,12.85,False,,°C,96.0,False,,,100.0,,bar,0.0,,°C,96.0,,,off,,psi,42.0,,psi,44.0,,,psi,44.0,psi,44.0,,,,,,,,km/h,0.0,,,,,,,,,,,,,,,
67f549d64035d600076aa0b0,1C6SRFLP7SN639810,2025-04-10T19:41:37.658Z,2025-04-10T19:41:37.658Z,250.0,"{latitude=35.052196, longitude=-89.981315, altitude={value=75.699997, unit=m}}",,,,,,,"{oil=null, battery=null, runtime=null, coolant=null, contact=true, ignition=true, speed=null, status=running}",,,,,"{value=34.3, unit=km/h}",True,driving,"{value=0.9, unit=m/s²}","{value=-1.0, unit=m/s²}",,,,,,,2025-04-10,m,75.699997,35.052196,-89.981315,,,,,,,,,,,,,,,,,,,,,,,,,,,,,,,,,True,,,,True,,,,,,,,,,,,running,,,,,,,,,,,,,,,,,,,,km/h,34.3,m/s²,0.9,m/s²,-1.0,,,,,,,,,,,
67f54e084035d600076af97a,1C4SJSBP1RS158800,2025-04-12T02:51:04.891Z,2025-04-12T02:51:04.891Z,321.0,"{latitude=35.880493, longitude=-87.09974, altitude={value=280.700012, unit=m}}",,,,,,,"{oil=null, battery=null, runtime=null, coolant=null, contact=true, ignition=true, speed=null, status=running}",,,,,"{value=121.2, unit=km/h}",True,driving,"{value=-0.34, unit=m/s²}","{value=-0.4, unit=m/s²}",,,,,,,2025-04-12,m,280.700012,35.880493,-87.09974,,,,,,,,,,,,,,,,,,,,,,,,,,,,,,,,,True,,,,True,,,,,,,,,,,,running,,,,,,,,,,,,,,,,,,,,km/h,121.2,m/s²,-0.34,m/s²,-0.4,,,,,,,,,,,
67f54e084035d600076af97a,1C4SJSBP1RS158800,2025-04-12T03:30:50.714Z,2025-04-12T03:30:50.714Z,234.0,"{latitude=35.902497, longitude=-87.62699, altitude={value=147.100006, unit=m}}",,,,,,,"{oil=null, battery=null, runtime=null, coolant=null, contact=true, ignition=true, speed=null, status=running}",,,,,"{value=120.6, unit=km/h}",True,driving,"{value=0.16, unit=m/s²}","{value=0.2, unit=m/s²}",,,,,,,2025-04-12,m,147.100006,35.902497,-87.62699,,,,,,,,,,,,,,,,,,,,,,,,,,,,,,,,,True,,,,True,,,,,,,,,,,,running,,,,,,,,,,,,,,,,,,,,km/h,120.6,m/s²,0.16,m/s²,0.2,,,,,,,,,,,
67f5427548dbd5000707072d,1C4RJHAG7SC288583,2025-04-10T19:38:53.300Z,2025-04-10T19:38:53.300Z,0.0,"{latitude=35.775967, longitude=-86.325716, altitude={value=205.600006, unit=m}}",,,,,,,"{oil=null, battery=null, runtime=null, coolant=null, contact=true, ignition=true, speed=null, status=running}",,,,,"{value=0.0, unit=km/h}",False,halted,"{value=-0.1, unit=m/s²}","{value=-0.04, unit=m/s²}",,,,,,,2025-04-10,m,205.600006,35.775967,-86.325716,,,,,,,,,,,,,,,,,,,,,,,,,,,,,,,,,True,,,,True,,,,,,,,,,,,running,,,,,,,,,,,,,,,,,,,,km/h,0.0,m/s²,-0.1,m/s²,-0.04,,,,,,,,,,,
67f549d64035d600076aa0b0,1C6SRFLP7SN639810,2025-04-09T19:10:04.415Z,2025-04-09T19:10:04.415Z,0.0,"{latitude=35.812656, longitude=-86.368753, altitude={value=191.600006, unit=m}}",,"{value=3436.0, unit=km}",,"{residualautonomy={value=188, unit=km}, level={value=34.3, unit=L, percentage=35.0}, instantconsumption=null, averageconsumption={value=5.65, unit=L/100 km}}",,,"{oil={temperature={value=89, unit=°C}, pressure={value=0.0, unit=bar}, lifeleft={percentage=68}}, battery={voltage={value=12.625, unit=V}, charging=false, capacity=null}, runtime=null, coolant={temperature={value=90, unit=°C}}, contact=false, ignition=false, speed=null, status=off}",,,,,"{value=0.0, unit=km/h}",False,halted,,,,,,,,,2025-04-09,m,191.600006,35.812656,-86.368753,km,3436.0,,L/100 km,5.65,,,,,35.0,L,34.3,,km,188.0,,,,,,,,,,,,,,False,,V,12.625,False,,°C,90.0,False,,,68.0,,bar,0.0,,°C,89.0,,,off,,,,,,,,,,,,,,,,,,,,km/h,0.0,,,,,,,,,,,,,,,
67f54c8bb9be3a000714cb61,1C4SJVFP1RS158761,2025-04-12T02:07:47.286Z,2025-04-12T02:07:47.286Z,143.0,"{latitude=35.860436, longitude=-86.442785, altitude={value=177.800003, unit=m}}",,,,,,,"{oil=null, battery=null, runtime=null, coolant=null, contact=true, ignition=true, speed=null, status=running}",,,,,"{value=0.0, unit=km/h}",False,halted,"{value=-0.02, unit=m/s²}","{value=0.04, unit=m/s²}",,,,,,,2025-04-12,m,177.800003,35.860436,-86.442785,,,,,,,,,,,,,,,,,,,,,,,,,,,,,,,,,True,,,,True,,,,,,,,,,,,running,,,,,,,,,,,,,,,,,,,,km/h,0.0,m/s²,-0.02,m/s²,0.04,,,,,,,,,,,
67f542f08e9c440007ba1d32,1C4SDJCT4SC511480,2025-04-11T23:35:23.575Z,2025-04-11T23:35:23.575Z,96.0,"{latitude=35.786055, longitude=-86.401033, altitude={value=166.39199829101562, unit=m}}",,,,,,,"{oil=null, battery=null, runtime=null, coolant=null, contact=true, ignition=true, speed=null, status=running}",,,,,"{value=0.0, unit=km/h}",False,halted,"{value=0.16, unit=m/s²}","{value=10.16, unit=m/s²}",,,,,,,2025-04-11,m,166.39199829101562,35.786055,-86.401033,,,,,,,,,,,,,,,,,,,,,,,,,,,,,,,,,True,,,,True,,,,,,,,,,,,running,,,,,,,,,,,,,,,,,,,,km/h,0.0,m/s²,0.16,m/s²,10.16,,,,,,,,,,,
67f54f833d374400077e6487,3C6UR4HJ1RG285240,2025-04-13T11:37:46.700Z,2025-04-13T11:37:46.700Z,4.0,"{latitude=35.767551, longitude=-86.864555, altitude={value=221.300003, unit=m}}",,,,,,,"{oil=null, battery=null, runtime=null, coolant=null, contact=true, ignition=true, speed=null, status=running}",,,,,"{value=115.1, unit=km/h}",True,driving,"{value=0.1, unit=m/s²}","{value=-0.38, unit=m/s²}",,,,,,,2025-04-13,m,221.300003,35.767551,-86.864555,,,,,,,,,,,,,,,,,,,,,,,,,,,,,,,,,True,,,,True,,,,,,,,,,,,running,,,,,,,,,,,,,,,,,,,,km/h,115.1,m/s²,0.1,m/s²,-0.38,,,,,,,,,,,
67f549d64035d600076aa0b0,1C6SRFLP7SN639810,2025-04-08T18:24:26.701Z,2025-04-08T18:24:26.701Z,70.0,"{latitude=35.81282, longitude=-86.368603, altitude={value=192.100006, unit=m}}",,,,,,,"{oil=null, battery=null, runtime=null, coolant=null, contact=true, ignition=true, speed=null, status=running}",,,,,"{value=0.0, unit=km/h}",False,halted,"{value=0.0, unit=m/s²}","{value=-0.02, unit=m/s²}",,,,,,,2025-04-08,m,192.100006,35.81282,-86.368603,,,,,,,,,,,,,,,,,,,,,,,,,,,,,,,,,True,,,,True,,,,,,,,,,,,running,,,,,,,,,,,,,,,,,,,,km/h,0.0,m/s²,0.0,m/s²,-0.02,,,,,,,,,,,
67f53d83d0682900076d2404,1C6SRFFP6SN656304,2025-04-09T19:46:41.442Z,2025-04-09T19:46:41.442Z,58.0,"{latitude=35.822443, longitude=-86.39315, altitude={value=183.300003, unit=m}}",,,,,,,"{oil=null, battery=null, runtime=null, coolant=null, contact=true, ignition=true, speed=null, status=running}",,,,,"{value=0.0, unit=km/h}",False,halted,"{value=-0.04, unit=m/s²}","{value=-0.16, unit=m/s²}",,,,,,,2025-04-09,m,183.300003,35.822443,-86.39315,,,,,,,,,,,,,,,,,,,,,,,,,,,,,,,,,True,,,,True,,,,,,,,,,,,running,,,,,,,,,,,,,,,,,,,,km/h,0.0,m/s²,-0.04,m/s²,-0.16,,,,,,,,,,,
67f549d64035d600076aa0b0,1C6SRFLP7SN639810,2025-04-10T15:28:05.939Z,2025-04-10T15:28:05.939Z,238.0,"{latitude=35.875855, longitude=-87.704349, altitude={value=128.100006, unit=m}}",,,,,,,"{oil=null, battery=null, runtime=null, coolant=null, contact=true, ignition=true, speed=null, status=running}",,,,,"{value=126.9, unit=km/h}",True,driving,"{value=-0.24, unit=m/s²}","{value=-1.06, unit=m/s²}",,,,,,,2025-04-10,m,128.100006,35.875855,-87.704349,,,,,,,,,,,,,,,,,,,,,,,,,,,,,,,,,True,,,,True,,,,,,,,,,,,running,,,,,,,,,,,,,,,,,,,,km/h,126.9,m/s²,-0.24,m/s²,-1.06,,,,,,,,,,,
67f54664b9be3a00071444fb,1C4RJKBG8S8646837,2025-04-09T17:14:58.572Z,2025-04-09T17:14:58.572Z,0.0,"{latitude=35.822986, longitude=-86.394578, altitude={value=179.300003, unit=m}}",,"{value=95.0, unit=km}",,"{residualautonomy=null, level={value=62.64, unit=L, percentage=72.0}, instantconsumption=null, averageconsumption=null}",,,"{oil=null, battery={voltage={value=11.875, unit=V}, charging=false, capacity=null}, runtime=null, coolant={temperature={value=-40, unit=°C}}, contact=false, ignition=false, speed=null, status=off}",,,,,"{value=0.0, unit=km/h}",False,halted,,,,,,,,,2025-04-09,m,179.300003,35.822986,-86.394578,km,95.0,,,,,,,,72.0,L,62.64,,,,,,,,,,,,,,,,,False,,V,11.875,False,,°C,-40.0,False,,,,,,,,,,,,off,,,,,,,,,,,,,,,,,,,,km/h,0.0,,,,,,,,,,,,,,,
67f54c8bb9be3a000714cb61,1C4SJVFP1RS158761,2025-04-12T01:14:08.554Z,2025-04-12T01:14:08.554Z,93.0,"{latitude=36.067166, longitude=-86.423121, altitude={value=155.199997, unit=m}}",,,,,,,"{oil=null, battery=null, runtime=null, coolant=null, contact=true, ignition=true, speed=null, status=running}",,,,,"{value=17.5, unit=km/h}",True,driving,"{value=0.66, unit=m/s²}","{value=0.82, unit=m/s²}",,,,,,,2025-04-12,m,155.199997,36.067166,-86.423121,,,,,,,,,,,,,,,,,,,,,,,,,,,,,,,,,True,,,,True,,,,,,,,,,,,running,,,,,,,,,,,,,,,,,,,,km/h,17.5,m/s²,0.66,m/s²,0.82,,,,,,,,,,,
67f54f833d374400077e6487,3C6UR4HJ1RG285240,2025-04-10T14:22:24.225Z,2025-04-10T14:22:24.225Z,138.0,"{latitude=35.840092, longitude=-86.427444, altitude={value=181.199997, unit=m}}",,,,,,,"{oil=null, battery=null, runtime=null, coolant=null, contact=true, ignition=true, speed=null, status=running}",,,,,"{value=128.7, unit=km/h}",True,driving,"{value=-0.04, unit=m/s²}","{value=-0.06, unit=m/s²}",,,,,,,2025-04-10,m,181.199997,35.840092,-86.427444,,,,,,,,,,,,,,,,,,,,,,,,,,,,,,,,,True,,,,True,,,,,,,,,,,,running,,,,,,,,,,,,,,,,,,,,km/h,128.7,m/s²,-0.04,m/s²,-0.06,,,,,,,,,,,
67f5479fc999b80007ec7cad,1C4RJJAG3R8627134,2025-04-12T12:30:09.423Z,2025-04-12T12:30:09.423Z,211.0,"{latitude=35.319065, longitude=-86.356814, altitude={value=257.0, unit=m}}",,,,,,,"{oil=null, battery=null, runtime=null, coolant=null, contact=true, ignition=true, speed=null, status=running}",,,,,"{value=101.2, unit=km/h}",True,driving,"{value=-0.24, unit=m/s²}","{value=-0.06, unit=m/s²}",,,,,,,2025-04-12,m,257.0,35.319065,-86.356814,,,,,,,,,,,,,,,,,,,,,,,,,,,,,,,,,True,,,,True,,,,,,,,,,,,running,,,,,,,,,,,,,,,,,,,,km/h,101.2,m/s²,-0.24,m/s²,-0.06,,,,,,,,,,,
67f543ea4035d600076a2e85,1C4RDJDG3SC511051,2025-04-11T16:06:21.319Z,2025-04-11T16:06:21.319Z,94.0,"{latitude=35.822426899999996, longitude=-86.3942361, altitude={value=152.3070068359375, unit=m}}",,,,,,,"{oil=null, battery=null, runtime=null, coolant=null, contact=true, ignition=true, speed=null, status=running}",,,,,"{value=15.3, unit=km/h}",True,driving,"{value=-0.32, unit=m/s²}","{value=10.16, unit=m/s²}",,,,,,,2025-04-11,m,152.3070068359375,35.8224269,-86.3942361,,,,,,,,,,,,,,,,,,,,,,,,,,,,,,,,,True,,,,True,,,,,,,,,,,,running,,,,,,,,,,,,,,,,,,,,km/h,15.3,m/s²,-0.32,m/s²,10.16,,,,,,,,,,,
67f549d64035d600076aa0b0,1C6SRFLP7SN639810,2025-04-11T19:01:12.518Z,2025-04-11T19:01:12.518Z,90.0,"{latitude=34.354141, longitude=-89.517381, altitude={value=132.399994, unit=m}}",,,,,,,"{oil=null, battery=null, runtime=null, coolant=null, contact=true, ignition=true, speed=null, status=running}",,,,,"{value=98.3, unit=km/h}",True,driving,"{value=-0.16, unit=m/s²}","{value=-0.28, unit=m/s²}",,,,,,,2025-04-11,m,132.399994,34.354141,-89.517381,,,,,,,,,,,,,,,,,,,,,,,,,,,,,,,,,True,,,,True,,,,,,,,,,,,running,,,,,,,,,,,,,,,,,,,,km/h,98.3,m/s²,-0.16,m/s²,-0.28,,,,,,,,,,,
67f54c8bb9be3a000714cb61,1C4SJVFP1RS158761,2025-04-12T01:41:17.699Z,2025-04-12T01:41:17.699Z,216.0,"{latitude=36.081127, longitude=-86.420608, altitude={value=174.199997, unit=m}}",,,,,,,"{oil=null, battery=null, runtime=null, coolant=null, contact=true, ignition=true, speed=null, status=running}",,,,,"{value=0.0, unit=km/h}",False,halted,"{value=0.02, unit=m/s²}","{value=-0.14, unit=m/s²}",,,,,,,2025-04-12,m,174.199997,36.081127,-86.420608,,,,,,,,,,,,,,,,,,,,,,,,,,,,,,,,,True,,,,True,,,,,,,,,,,,running,,,,,,,,,,,,,,,,,,,,km/h,0.0,m/s²,0.02,m/s²,-0.14,,,,,,,,,,,
67f54c8bb9be3a000714cb61,1C4SJVFP1RS158761,2025-04-11T14:34:08.612Z,2025-04-11T14:34:08.612Z,85.0,"{latitude=35.823055, longitude=-86.39438, altitude={value=182.699997, unit=m}}",,,,,,,"{oil=null, battery=null, runtime=null, coolant=null, contact=true, ignition=true, speed=null, status=running}",,,,,"{value=0.0, unit=km/h}",False,halted,"{value=0.16, unit=m/s²}","{value=-0.28, unit=m/s²}",,,,,,,2025-04-11,m,182.699997,35.823055,-86.39438,,,,,,,,,,,,,,,,,,,,,,,,,,,,,,,,,True,,,,True,,,,,,,,,,,,running,,,,,,,,,,,,,,,,,,,,km/h,0.0,m/s²,0.16,m/s²,-0.28,,,,,,,,,,,
67f54138772b4b000706f148,3C63RRGL4RG414664,2025-04-08T21:26:00.262Z,2025-04-08T21:26:00.262Z,0.0,"{latitude=35.822395, longitude=-86.394432, altitude={value=183.0, unit=m}}",,,,"{residualautonomy=null, level=null, instantconsumption={value=45.5028, unit=L/100 km}, averageconsumption=null}",,,"{oil=null, battery=null, runtime=null, coolant=null, contact=true, ignition=true, speed=null, status=running}",,,,,"{value=0.0, unit=km/h}",False,halted,"{value=-0.24, unit=m/s²}","{value=-0.14, unit=m/s²}",,,,,,,2025-04-08,m,183.0,35.822395,-86.394432,,,,,,,L/100 km,45.5028,,,,,,,,,,,,,,,,,,,,,,,,,True,,,,True,,,,,,,,,,,,running,,,,,,,,,,,,,,,,,,,,km/h,0.0,m/s²,-0.24,m/s²,-0.14,,,,,,,,,,,
67f54f0478c1360007393b0a,3C6UR4HJ3RG275650,2025-04-11T03:22:31.764Z,2025-04-11T03:22:31.764Z,138.0,"{latitude=35.866478, longitude=-86.456573, altitude={value=181.5, unit=m}}",,,,,,,"{oil=null, battery=null, runtime=null, coolant=null, contact=true, ignition=true, speed=null, status=running}",,,,,"{value=121.5, unit=km/h}",True,driving,"{value=-0.12, unit=m/s²}","{value=0.14, unit=m/s²}",,,,,,,2025-04-11,m,181.5,35.866478,-86.456573,,,,,,,,,,,,,,,,,,,,,,,,,,,,,,,,,True,,,,True,,,,,,,,,,,,running,,,,,,,,,,,,,,,,,,,,km/h,121.5,m/s²,-0.12,m/s²,0.14,,,,,,,,,,,
67f54f4378c1360007393f44,3C6UR4HJ5RG285239,2025-04-10T11:11:18.191Z,2025-04-10T11:11:18.191Z,0.0,"{latitude=36.148464, longitude=-86.676987, altitude={value=166.300003, unit=m}}",,,,"{residualautonomy=null, level=null, instantconsumption={value=67.60416, unit=L/100 km}, averageconsumption=null}",,,"{oil=null, battery=null, runtime=null, coolant=null, contact=true, ignition=true, speed=null, status=running}",,,,,"{value=0.0, unit=km/h}",False,halted,"{value=-0.68, unit=m/s²}","{value=0.06, unit=m/s²}",,,,,,,2025-04-10,m,166.300003,36.148464,-86.676987,,,,,,,L/100 km,67.60416,,,,,,,,,,,,,,,,,,,,,,,,,True,,,,True,,,,,,,,,,,,running,,,,,,,,,,,,,,,,,,,,km/h,0.0,m/s²,-0.68,m/s²,0.06,,,,,,,,,,,
67f54f0478c1360007393b0a,3C6UR4HJ3RG275650,2025-04-09T23:55:38.652Z,2025-04-09T23:55:38.652Z,282.0,"{latitude=35.800781, longitude=-86.469017, altitude={value=193.600006, unit=m}}",,,,,,,"{oil=null, battery=null, runtime=null, coolant=null, contact=true, ignition=true, speed=null, status=running}",,,,,"{value=76.3, unit=km/h}",True,driving,"{value=-0.12, unit=m/s²}","{value=0.9, unit=m/s²}",,,,,,,2025-04-09,m,193.600006,35.800781,-86.469017,,,,,,,,,,,,,,,,,,,,,,,,,,,,,,,,,True,,,,True,,,,,,,,,,,,running,,,,,,,,,,,,,,,,,,,,km/h,76.3,m/s²,-0.12,m/s²,0.9,,,,,,,,,,,
67f549d64035d600076aa0b0,1C6SRFLP7SN639810,2025-04-09T18:41:55.422Z,2025-04-09T18:41:55.422Z,186.0,"{latitude=35.819684, longitude=-86.395493, altitude={value=186.600006, unit=m}}",,,,,,,"{oil=null, battery=null, runtime=null, coolant=null, contact=true, ignition=true, speed=null, status=running}",,,,,"{value=0.0, unit=km/h}",False,halted,"{value=0.04, unit=m/s²}","{value=-0.18, unit=m/s²}",,,,,,,2025-04-09,m,186.600006,35.819684,-86.395493,,,,,,,,,,,,,,,,,,,,,,,,,,,,,,,,,True,,,,True,,,,,,,,,,,,running,,,,,,,,,,,,,,,,,,,,km/h,0.0,m/s²,0.04,m/s²,-0.18,,,,,,,,,,,
67f54e084035d600076af97a,1C4SJSBP1RS158800,2025-04-13T01:30:52.157Z,2025-04-13T01:30:52.157Z,75.0,"{latitude=35.547412, longitude=-88.182933, altitude={value=132.699997, unit=m}}",,,,,,,"{oil=null, battery=null, runtime=null, coolant=null, contact=true, ignition=true, speed=null, status=running}",,,,,"{value=93.4, unit=km/h}",True,driving,"{value=0.02, unit=m/s²}","{value=0.02, unit=m/s²}",,,,,,,2025-04-13,m,132.699997,35.547412,-88.182933,,,,,,,,,,,,,,,,,,,,,,,,,,,,,,,,,True,,,,True,,,,,,,,,,,,running,,,,,,,,,,,,,,,,,,,,km/h,93.4,m/s²,0.02,m/s²,0.02,,,,,,,,,,,
67f54c8bb9be3a000714cb61,1C4SJVFP1RS158761,2025-04-11T18:10:12.239Z,2025-04-11T18:10:12.239Z,85.0,"{latitude=35.823044, longitude=-86.394421, altitude={value=186.699997, unit=m}}",,,,,,,"{oil=null, battery=null, runtime=null, coolant=null, contact=true, ignition=true, speed=null, status=running}",,,,,"{value=0.0, unit=km/h}",False,halted,"{value=0.12, unit=m/s²}","{value=-0.28, unit=m/s²}",,,,,,,2025-04-11,m,186.699997,35.823044,-86.394421,,,,,,,,,,,,,,,,,,,,,,,,,,,,,,,,,True,,,,True,,,,,,,,,,,,running,,,,,,,,,,,,,,,,,,,,km/h,0.0,m/s²,0.12,m/s²,-0.28,,,,,,,,,,,
67f549d64035d600076aa0b0,1C6SRFLP7SN639810,2025-04-09T23:20:56.913Z,2025-04-09T23:20:56.913Z,346.0,"{latitude=35.854207, longitude=-86.430163, altitude={value=171.699997, unit=m}}",,,,,,,"{oil=null, battery=null, runtime=null, coolant=null, contact=true, ignition=true, speed=null, status=running}",,,,,"{value=0.0, unit=km/h}",False,halted,"{value=0.04, unit=m/s²}","{value=-0.36, unit=m/s²}",,,,,,,2025-04-09,m,171.699997,35.854207,-86.430163,,,,,,,,,,,,,,,,,,,,,,,,,,,,,,,,,True,,,,True,,,,,,,,,,,,running,,,,,,,,,,,,,,,,,,,,km/h,0.0,m/s²,0.04,m/s²,-0.36,,,,,,,,,,,
67f549d64035d600076aa0b0,1C6SRFLP7SN639810,2025-04-11T20:35:31.543Z,2025-04-11T20:35:31.543Z,218.0,"{latitude=34.306193, longitude=-88.708441, altitude={value=79.0, unit=m}}",,,,,,,"{oil=null, battery=null, runtime=null, coolant=null, contact=true, ignition=true, speed=null, status=running}",,,,,"{value=0.0, unit=km/h}",False,halted,"{value=0.1, unit=m/s²}","{value=-0.16, unit=m/s²}",,,,,,,2025-04-11,m,79.0,34.306193,-88.708441,,,,,,,,,,,,,,,,,,,,,,,,,,,,,,,,,True,,,,True,,,,,,,,,,,,running,,,,,,,,,,,,,,,,,,,,km/h,0.0,m/s²,0.1,m/s²,-0.16,,,,,,,,,,,
67f5427548dbd5000707072d,1C4RJHAG7SC288583,2025-04-11T19:22:04.107Z,2025-04-11T19:22:04.107Z,93.0,"{latitude=35.827166, longitude=-86.388888, altitude={value=180.800003, unit=m}}",,,,,,,"{oil=null, battery=null, runtime=null, coolant=null, contact=true, ignition=true, speed=null, status=running}",,,,,"{value=63.9, unit=km/h}",True,driving,"{value=-0.04, unit=m/s²}","{value=-0.26, unit=m/s²}",,,,,,,2025-04-11,m,180.800003,35.827166,-86.388888,,,,,,,,,,,,,,,,,,,,,,,,,,,,,,,,,True,,,,True,,,,,,,,,,,,running,,,,,,,,,,,,,,,,,,,,km/h,63.9,m/s²,-0.04,m/s²,-0.26,,,,,,,,,,,
67f536f53c60230007fb1919,1C4RJHEGXS8686335,2025-04-09T16:42:57.196Z,2025-04-09T16:42:57.196Z,0.0,"{latitude=35.822327, longitude=-86.393902, altitude={value=173.300003, unit=m}}",,"{value=18.0, unit=km}",,"{residualautonomy=null, level={value=20.88, unit=L, percentage=24.0}, instantconsumption=null, averageconsumption=null}",,,"{oil=null, battery={voltage={value=12.125, unit=V}, charging=false, capacity=null}, runtime=null, coolant={temperature={value=-40, unit=°C}}, contact=false, ignition=false, speed=null, status=off}",,,,,"{value=0.0, unit=km/h}",False,halted,,,,,,,,,2025-04-09,m,173.300003,35.822327,-86.393902,km,18.0,,,,,,,,24.0,L,20.88,,,,,,,,,,,,,,,,,False,,V,12.125,False,,°C,-40.0,False,,,,,,,,,,,,off,,,,,,,,,,,,,,,,,,,,km/h,0.0,,,,,,,,,,,,,,,
67f54e873c60230007fcfa3e,1C4SJUAPXRS153656,2025-04-11T22:11:51.523Z,2025-04-11T22:11:51.523Z,192.0,"{latitude=35.903333, longitude=-86.569171, altitude={value=198.600006, unit=m}}",,"{value=2559.0, unit=km}",,"{residualautonomy={value=323, unit=km}, level={value=47, unit=L, percentage=47.0}, instantconsumption=null, averageconsumption={value=7.0, unit=L/100 km}}",,,"{oil={temperature={value=87, unit=°C}, pressure={value=0.0, unit=bar}, lifeleft={percentage=83}}, battery={voltage={value=12.175, unit=V}, charging=false, capacity=null}, runtime=null, coolant={temperature={value=89, unit=°C}}, contact=false, ignition=false, speed=null, status=off}","{front={left={value=40.0, unit=psi}, right={value=40.0, unit=psi}}, rear={left={value=40.0, unit=psi}, right={value=40.0, unit=psi}}}",,,,"{value=0.0, unit=km/h}",False,halted,,,,,,,,,2025-04-11,m,198.600006,35.903333,-86.569171,km,2559.0,,L/100 km,7.0,,,,,47.0,L,47.0,,km,323.0,,,,,,,,,,,,,,False,,V,12.175,False,,°C,89.0,False,,,83.0,,bar,0.0,,°C,87.0,,,off,,psi,40.0,,psi,40.0,,,psi,40.0,psi,40.0,,,,,,,,km/h,0.0,,,,,,,,,,,,,,,
67f54f833d374400077e6487,3C6UR4HJ1RG285240,2025-04-12T18:48:08.030Z,2025-04-12T18:48:08.030Z,274.0,"{latitude=35.853416, longitude=-86.430382, altitude={value=168.399994, unit=m}}",,,,,,,"{oil=null, battery=null, runtime=null, coolant=null, contact=true, ignition=true, speed=null, status=running}",,,,,"{value=8.7, unit=km/h}",True,driving,"{value=1.12, unit=m/s²}","{value=0.14, unit=m/s²}",,,,,,,2025-04-12,m,168.399994,35.853416,-86.430382,,,,,,,,,,,,,,,,,,,,,,,,,,,,,,,,,True,,,,True,,,,,,,,,,,,running,,,,,,,,,,,,,,,,,,,,km/h,8.7,m/s²,1.12,m/s²,0.14,,,,,,,,,,,
67f54c8bb9be3a000714cb61,1C4SJVFP1RS158761,2025-04-12T02:51:47.992Z,2025-04-12T02:51:47.992Z,276.0,"{latitude=35.85795, longitude=-86.436112, altitude={value=174.800003, unit=m}}",,,,,,,"{oil=null, battery=null, runtime=null, coolant=null, contact=true, ignition=true, speed=null, status=running}",,,,,"{value=54.3, unit=km/h}",True,driving,"{value=0.3, unit=m/s²}","{value=0.08, unit=m/s²}",,,,,,,2025-04-12,m,174.800003,35.85795,-86.436112,,,,,,,,,,,,,,,,,,,,,,,,,,,,,,,,,True,,,,True,,,,,,,,,,,,running,,,,,,,,,,,,,,,,,,,,km/h,54.3,m/s²,0.3,m/s²,0.08,,,,,,,,,,,
67f54c8bb9be3a000714cb61,1C4SJVFP1RS158761,2025-04-11T17:16:31.279Z,2025-04-11T17:16:31.279Z,85.0,"{latitude=35.823048, longitude=-86.394414, altitude={value=185.899994, unit=m}}",,,,,,,"{oil=null, battery=null, runtime=null, coolant=null, contact=true, ignition=true, speed=null, status=running}",,,,,"{value=0.0, unit=km/h}",False,halted,"{value=0.12, unit=m/s²}","{value=-0.32, unit=m/s²}",,,,,,,2025-04-11,m,185.899994,35.823048,-86.394414,,,,,,,,,,,,,,,,,,,,,,,,,,,,,,,,,True,,,,True,,,,,,,,,,,,running,,,,,,,,,,,,,,,,,,,,km/h,0.0,m/s²,0.12,m/s²,-0.32,,,,,,,,,,,
67f54f4378c1360007393f44,3C6UR4HJ5RG285239,2025-04-11T20:55:49.270Z,2025-04-11T20:55:49.270Z,138.0,"{latitude=35.948875, longitude=-86.548241, altitude={value=171.199997, unit=m}}",,,,,,,"{oil=null, battery=null, runtime=null, coolant=null, contact=true, ignition=true, speed=null, status=running}",,,,,"{value=119.9, unit=km/h}",True,driving,"{value=-1.36, unit=m/s²}","{value=0.32, unit=m/s²}",,,,,,,2025-04-11,m,171.199997,35.948875,-86.548241,,,,,,,,,,,,,,,,,,,,,,,,,,,,,,,,,True,,,,True,,,,,,,,,,,,running,,,,,,,,,,,,,,,,,,,,km/h,119.9,m/s²,-1.36,m/s²,0.32,,,,,,,,,,,
67f5479fc999b80007ec7cad,1C4RJJAG3R8627134,2025-04-13T02:11:10.811Z,2025-04-13T02:11:10.811Z,105.0,"{latitude=35.235512, longitude=-87.292331, altitude={value=268.0, unit=m}}",,,,,,,"{oil=null, battery=null, runtime=null, coolant=null, contact=true, ignition=true, speed=null, status=running}",,,,,"{value=85.6, unit=km/h}",True,driving,"{value=-0.24, unit=m/s²}","{value=0.42, unit=m/s²}",,,,,,,2025-04-13,m,268.0,35.235512,-87.292331,,,,,,,,,,,,,,,,,,,,,,,,,,,,,,,,,True,,,,True,,,,,,,,,,,,running,,,,,,,,,,,,,,,,,,,,km/h,85.6,m/s²,-0.24,m/s²,0.42,,,,,,,,,,,
67f542f08e9c440007ba1d32,1C4SDJCT4SC511480,2025-04-11T23:24:26.572Z,2025-04-11T23:24:26.572Z,264.0,"{latitude=35.8392462, longitude=-86.4472303, altitude={value=159.97999572753906, unit=m}}",,,,,,,"{oil=null, battery=null, runtime=null, coolant=null, contact=true, ignition=true, speed=null, status=running}",,,,,"{value=0.0, unit=km/h}",False,halted,"{value=-0.16, unit=m/s²}","{value=10.16, unit=m/s²}",,,,,,,2025-04-11,m,159.97999572753906,35.8392462,-86.4472303,,,,,,,,,,,,,,,,,,,,,,,,,,,,,,,,,True,,,,True,,,,,,,,,,,,running,,,,,,,,,,,,,,,,,,,,km/h,0.0,m/s²,-0.16,m/s²,10.16,,,,,,,,,,,
67f54f833d374400077e6487,3C6UR4HJ1RG285240,2025-04-09T11:45:20.950Z,2025-04-09T11:45:20.950Z,83.0,"{latitude=35.857174, longitude=-86.595566, altitude={value=206.899994, unit=m}}",,,,,,,"{oil=null, battery=null, runtime=null, coolant=null, contact=true, ignition=true, speed=null, status=running}",,,,,"{value=130.1, unit=km/h}",True,driving,"{value=-0.54, unit=m/s²}","{value=-0.26, unit=m/s²}",,,,,,,2025-04-09,m,206.899994,35.857174,-86.595566,,,,,,,,,,,,,,,,,,,,,,,,,,,,,,,,,True,,,,True,,,,,,,,,,,,running,,,,,,,,,,,,,,,,,,,,km/h,130.1,m/s²,-0.54,m/s²,-0.26,,,,,,,,,,,
